Study_Code,Sample_ID,INC_Method,Vial_Break_Method,SED_INC_DESC
Study Code,Sample Name,Incubation method,Did the vial break? (method code),Domestic vs. International
WHONDRS_S19S,S19S_0006_SED_INC-D,SED_INC_002,VB_000,SED_INC_DESC_000
WHONDRS_S19S,S19S_0006_SED_INC-M,SED_INC_003,VB_000,SED_INC_DESC_000
WHONDRS_S19S,S19S_0006_SED_INC-U,SED_INC_003,VB_000,SED_INC_DESC_000
WHONDRS_S19S,S19S_0007_SED_INC-D,SED_INC_003,VB_009,SED_INC_DESC_000
WHONDRS_S19S,S19S_0007_SED_INC-M,SED_INC_003,VB_009,SED_INC_DESC_000
WHONDRS_S19S,S19S_0007_SED_INC-U,SED_INC_003,VB_009,SED_INC_DESC_000
WHONDRS_S19S,S19S_0008_SED_INC-D,SED_INC_003,VB_000,SED_INC_DESC_000
WHONDRS_S19S,S19S_0008_SED_INC-M,SED_INC_003,VB_000,SED_INC_DESC_000
WHONDRS_S19S,S19S_0008_SED_INC-U,SED_INC_003,VB_000,SED_INC_DESC_000
WHONDRS_S19S,S19S_0009_SED_INC-D,SED_INC_003,VB_000,SED_INC_DESC_000
WHONDRS_S19S,S19S_0009_SED_INC-M,SED_INC_003,VB_000,SED_INC_DESC_000
WHONDRS_S19S,S19S_0009_SED_INC-U,SED_INC_003,VB_000,SED_INC_DESC_000
WHONDRS_S19S,S19S_0011_SED_INC-U,SED_INC_003,VB_000,SED_INC_DESC_000
WHONDRS_S19S,S19S_0011_SED_INC-D,SED_INC_001,VB_000,SED_INC_DESC_000
WHONDRS_S19S,S19S_0010_SED_INC-D,SED_INC_003,VB_000,SED_INC_DESC_000
WHONDRS_S19S,S19S_0012_SED_INC-U,SED_INC_001,VB_000,SED_INC_DESC_000
WHONDRS_S19S,S19S_0012_SED_INC-M,SED_INC_001,VB_000,SED_INC_DESC_000
WHONDRS_S19S,S19S_0010_SED_INC-M,SED_INC_003,VB_000,SED_INC_DESC_000
WHONDRS_S19S,S19S_0010_SED_INC-U,SED_INC_003,VB_000,SED_INC_DESC_000
WHONDRS_S19S,S19S_0011_SED_INC-M,SED_INC_004,VB_000,SED_INC_DESC_000
WHONDRS_S19S,S19S_0014_SED_INC-U,SED_INC_001,VB_000,SED_INC_DESC_000
WHONDRS_S19S,S19S_0013_SED_INC-D,SED_INC_004,VB_000,SED_INC_DESC_000
WHONDRS_S19S,S19S_0013_SED_INC-M,SED_INC_004,VB_000,SED_INC_DESC_000
WHONDRS_S19S,S19S_0015_SED_INC-U,SED_INC_001,VB_000,SED_INC_DESC_000
WHONDRS_S19S,S19S_0015_SED_INC-D,SED_INC_001,VB_000,SED_INC_DESC_000
WHONDRS_S19S,S19S_0015_SED_INC-M,SED_INC_001,VB_000,SED_INC_DESC_000
WHONDRS_S19S,S19S_0016_SED_INC-U,SED_INC_001,VB_000,SED_INC_DESC_000
WHONDRS_S19S,S19S_0016_SED_INC-D,SED_INC_001,VB_000,SED_INC_DESC_000
WHONDRS_S19S,S19S_0013_SED_INC-U,SED_INC_004,VB_000,SED_INC_DESC_000
WHONDRS_S19S,S19S_0017_SED_INC-U,SED_INC_001,VB_000,SED_INC_DESC_000
WHONDRS_S19S,S19S_0017_SED_INC-D,SED_INC_001,VB_000,SED_INC_DESC_000
WHONDRS_S19S,S19S_0017_SED_INC-M,SED_INC_001,VB_000,SED_INC_DESC_000
WHONDRS_S19S,S19S_0018_SED_INC-U,SED_INC_001,VB_000,SED_INC_DESC_000
WHONDRS_S19S,S19S_0018_SED_INC-D,SED_INC_001,VB_000,SED_INC_DESC_000
WHONDRS_S19S,S19S_0018_SED_INC-M,SED_INC_000,VB_013,SED_INC_DESC_000
WHONDRS_S19S,S19S_0019_SED_INC-U,SED_INC_001,VB_000,SED_INC_DESC_000
WHONDRS_S19S,S19S_0019_SED_INC-D,SED_INC_001,VB_008,SED_INC_DESC_000
WHONDRS_S19S,S19S_0019_SED_INC-M,SED_INC_001,VB_000,SED_INC_DESC_000
WHONDRS_S19S,S19S_0020_SED_INC-U,SED_INC_001,VB_000,SED_INC_DESC_000
WHONDRS_S19S,S19S_0020_SED_INC-D,SED_INC_001,VB_000,SED_INC_DESC_000
WHONDRS_S19S,S19S_0014_SED_INC-D,SED_INC_004,VB_000,SED_INC_DESC_000
WHONDRS_S19S,S19S_0021_SED_INC-U,SED_INC_001,VB_000,SED_INC_DESC_000
WHONDRS_S19S,S19S_0014_SED_INC-M,SED_INC_004,VB_000,SED_INC_DESC_000
WHONDRS_S19S,S19S_0021_SED_INC-M,SED_INC_001,VB_000,SED_INC_DESC_000
WHONDRS_S19S,S19S_0022_SED_INC-U,SED_INC_001,VB_000,SED_INC_DESC_000
WHONDRS_S19S,S19S_0022_SED_INC-D,SED_INC_001,VB_000,SED_INC_DESC_000
WHONDRS_S19S,S19S_0022_SED_INC-M,SED_INC_001,VB_000,SED_INC_DESC_000
WHONDRS_S19S,S19S_0023_SED_INC-U,SED_INC_001,VB_000,SED_INC_DESC_000
WHONDRS_S19S,S19S_0023_SED_INC-D,SED_INC_001,VB_000,SED_INC_DESC_000
WHONDRS_S19S,S19S_0023_SED_INC-M,SED_INC_001,VB_000,SED_INC_DESC_000
WHONDRS_S19S,S19S_0016_SED_INC-M,SED_INC_004,VB_000,SED_INC_DESC_000
WHONDRS_S19S,S19S_0020_SED_INC-M,SED_INC_004,VB_008,SED_INC_DESC_000
WHONDRS_S19S,S19S_0021_SED_INC-D,SED_INC_004,VB_000,SED_INC_DESC_000
WHONDRS_S19S,S19S_0025_SED_INC-U,SED_INC_001,VB_000,SED_INC_DESC_000
WHONDRS_S19S,S19S_0025_SED_INC-D,SED_INC_001,VB_000,SED_INC_DESC_000
WHONDRS_S19S,S19S_0025_SED_INC-M,SED_INC_001,VB_000,SED_INC_DESC_000
WHONDRS_S19S,S19S_0026_SED_INC-U,SED_INC_001,VB_000,SED_INC_DESC_000
WHONDRS_S19S,S19S_0026_SED_INC-D,SED_INC_001,VB_000,SED_INC_DESC_000
WHONDRS_S19S,S19S_0026_SED_INC-M,SED_INC_001,VB_000,SED_INC_DESC_000
WHONDRS_S19S,S19S_0027_SED_INC-U,SED_INC_001,VB_000,SED_INC_DESC_000
WHONDRS_S19S,S19S_0027_SED_INC-D,SED_INC_001,VB_000,SED_INC_DESC_000
WHONDRS_S19S,S19S_0027_SED_INC-M,SED_INC_001,VB_000,SED_INC_DESC_000
WHONDRS_S19S,S19S_0028_SED_INC-U,SED_INC_001,VB_000,SED_INC_DESC_000
WHONDRS_S19S,S19S_0028_SED_INC-D,SED_INC_001,VB_000,SED_INC_DESC_000
WHONDRS_S19S,S19S_0028_SED_INC-M,SED_INC_001,VB_000,SED_INC_DESC_000
WHONDRS_S19S,S19S_0029_SED_INC-U,SED_INC_001,VB_000,SED_INC_DESC_000
WHONDRS_S19S,S19S_0029_SED_INC-D,SED_INC_001,VB_000,SED_INC_DESC_000
WHONDRS_S19S,S19S_0029_SED_INC-M,SED_INC_001,VB_000,SED_INC_DESC_000
WHONDRS_S19S,S19S_0030_SED_INC-U,SED_INC_001,VB_000,SED_INC_DESC_000
WHONDRS_S19S,S19S_0030_SED_INC-D,SED_INC_000,VB_013,SED_INC_DESC_000
WHONDRS_S19S,S19S_0030_SED_INC-M,SED_INC_001,VB_000,SED_INC_DESC_000
WHONDRS_S19S,S19S_0031_SED_INC-U,SED_INC_001,VB_000,SED_INC_DESC_000
WHONDRS_S19S,S19S_0031_SED_INC-D,SED_INC_001,VB_000,SED_INC_DESC_000
WHONDRS_S19S,S19S_0031_SED_INC-M,SED_INC_001,VB_008,SED_INC_DESC_000
WHONDRS_S19S,S19S_0033_SED_INC-U,SED_INC_001,VB_000,SED_INC_DESC_000
WHONDRS_S19S,S19S_0033_SED_INC-D,SED_INC_001,VB_000,SED_INC_DESC_000
WHONDRS_S19S,S19S_0033_SED_INC-M,SED_INC_001,VB_000,SED_INC_DESC_000
WHONDRS_S19S,S19S_0034_SED_INC-U,SED_INC_001,VB_000,SED_INC_DESC_000
WHONDRS_S19S,S19S_0034_SED_INC-D,SED_INC_001,VB_000,SED_INC_DESC_000
WHONDRS_S19S,S19S_0034_SED_INC-M,SED_INC_001,VB_000,SED_INC_DESC_000
WHONDRS_S19S,S19S_0035_SED_INC-U,SED_INC_001,VB_000,SED_INC_DESC_000
WHONDRS_S19S,S19S_0035_SED_INC-D,SED_INC_001,VB_000,SED_INC_DESC_000
WHONDRS_S19S,S19S_0035_SED_INC-M,SED_INC_001,VB_000,SED_INC_DESC_000
WHONDRS_S19S,S19S_0036_SED_INC-U,SED_INC_001,VB_000,SED_INC_DESC_000
WHONDRS_S19S,S19S_0036_SED_INC-D,SED_INC_001,VB_000,SED_INC_DESC_000
WHONDRS_S19S,S19S_0024_SED_INC-D,SED_INC_004,VB_000,SED_INC_DESC_000
WHONDRS_S19S,S19S_0037_SED_INC-D,SED_INC_001,VB_000,SED_INC_DESC_000
WHONDRS_S19S,S19S_0037_SED_INC-M,SED_INC_001,VB_000,SED_INC_DESC_000
WHONDRS_S19S,S19S_0037_SED_INC-U,SED_INC_001,VB_000,SED_INC_DESC_000
WHONDRS_S19S,S19S_0038_SED_INC-D,SED_INC_001,VB_000,SED_INC_DESC_000
WHONDRS_S19S,S19S_0038_SED_INC-M,SED_INC_001,VB_000,SED_INC_DESC_000
WHONDRS_S19S,S19S_0038_SED_INC-U,SED_INC_001,VB_000,SED_INC_DESC_000
WHONDRS_S19S,S19S_0024_SED_INC-M,SED_INC_004,VB_000,SED_INC_DESC_000
WHONDRS_S19S,S19S_0039_SED_INC-M,SED_INC_001,VB_000,SED_INC_DESC_000
WHONDRS_S19S,S19S_0024_SED_INC-U,SED_INC_004,VB_000,SED_INC_DESC_000
WHONDRS_S19S,S19S_0040_SED_INC-D,SED_INC_001,VB_000,SED_INC_DESC_000
WHONDRS_S19S,S19S_0040_SED_INC-M,SED_INC_001,VB_000,SED_INC_DESC_000
WHONDRS_S19S,S19S_0036_SED_INC-M,SED_INC_003,VB_000,SED_INC_DESC_000
WHONDRS_S19S,S19S_0041_SED_INC-D,SED_INC_001,VB_000,SED_INC_DESC_000
WHONDRS_S19S,S19S_0041_SED_INC-M,SED_INC_001,VB_000,SED_INC_DESC_000
WHONDRS_S19S,S19S_0041_SED_INC-U,SED_INC_001,VB_000,SED_INC_DESC_000
WHONDRS_S19S,S19S_0042_SED_INC-U,SED_INC_001,VB_000,SED_INC_DESC_000
WHONDRS_S19S,S19S_0042_SED_INC-D,SED_INC_001,VB_000,SED_INC_DESC_000
WHONDRS_S19S,S19S_0042_SED_INC-M,SED_INC_001,VB_000,SED_INC_DESC_000
WHONDRS_S19S,S19S_0043_SED_INC-U,SED_INC_001,VB_000,SED_INC_DESC_000
WHONDRS_S19S,S19S_0043_SED_INC-D,SED_INC_001,VB_000,SED_INC_DESC_000
WHONDRS_S19S,S19S_0043_SED_INC-M,SED_INC_001,VB_000,SED_INC_DESC_000
WHONDRS_S19S,S19S_0039_SED_INC-D,SED_INC_004,VB_000,SED_INC_DESC_000
WHONDRS_S19S,S19S_0039_SED_INC-U,SED_INC_004,VB_000,SED_INC_DESC_000
WHONDRS_S19S,S19S_0040_SED_INC-U,SED_INC_004,VB_000,SED_INC_DESC_000
WHONDRS_S19S,S19S_0044_SED_INC-D,SED_INC_004,VB_000,SED_INC_DESC_000
WHONDRS_S19S,S19S_0047_SED_INC-D,SED_INC_001,VB_000,SED_INC_DESC_000
WHONDRS_S19S,S19S_0044_SED_INC-M,SED_INC_004,VB_000,SED_INC_DESC_000
WHONDRS_S19S,S19S_0050_SED_INC-U,SED_INC_001,VB_000,SED_INC_DESC_000
WHONDRS_S19S,S19S_0050_SED_INC-D,SED_INC_001,VB_000,SED_INC_DESC_000
WHONDRS_S19S,S19S_0050_SED_INC-M,SED_INC_001,VB_000,SED_INC_DESC_000
WHONDRS_S19S,S19S_0051_SED_INC-U,SED_INC_001,VB_000,SED_INC_DESC_000
WHONDRS_S19S,S19S_0051_SED_INC-D,SED_INC_001,VB_000,SED_INC_DESC_000
WHONDRS_S19S,S19S_0051_SED_INC-M,SED_INC_001,VB_000,SED_INC_DESC_000
WHONDRS_S19S,S19S_0052_SED_INC-U,SED_INC_001,VB_000,SED_INC_DESC_000
WHONDRS_S19S,S19S_0052_SED_INC-D,SED_INC_001,VB_000,SED_INC_DESC_000
WHONDRS_S19S,S19S_0052_SED_INC-M,SED_INC_001,VB_000,SED_INC_DESC_000
WHONDRS_S19S,S19S_0044_SED_INC-U,SED_INC_004,VB_000,SED_INC_DESC_000
WHONDRS_S19S,S19S_0047_SED_INC-M,SED_INC_004,VB_000,SED_INC_DESC_000
WHONDRS_S19S,S19S_0047_SED_INC-U,SED_INC_004,VB_000,SED_INC_DESC_000
WHONDRS_S19S,S19S_0055_SED_INC-U,SED_INC_001,VB_000,SED_INC_DESC_000
WHONDRS_S19S,S19S_0054_SED_INC-D,SED_INC_004,VB_000,SED_INC_DESC_000
WHONDRS_S19S,S19S_0055_SED_INC-M,SED_INC_001,VB_000,SED_INC_DESC_000
WHONDRS_S19S,S19S_0059_SED_INC-U,SED_INC_001,VB_000,SED_INC_DESC_000
WHONDRS_S19S,S19S_0054_SED_INC-M,SED_INC_004,VB_000,SED_INC_DESC_000
WHONDRS_S19S,S19S_0059_SED_INC-M,SED_INC_001,VB_000,SED_INC_DESC_000
WHONDRS_S19S,S19S_0060_SED_INC-U,SED_INC_001,VB_000,SED_INC_DESC_000
WHONDRS_S19S,S19S_0060_SED_INC-D,SED_INC_001,VB_000,SED_INC_DESC_000
WHONDRS_S19S,S19S_0060_SED_INC-M,SED_INC_001,VB_000,SED_INC_DESC_000
WHONDRS_S19S,S19S_0061_SED_INC-U,SED_INC_001,VB_000,SED_INC_DESC_000
WHONDRS_S19S,S19S_0054_SED_INC-U,SED_INC_004,VB_000,SED_INC_DESC_000
WHONDRS_S19S,S19S_0055_SED_INC-D,SED_INC_004,VB_000,SED_INC_DESC_000
WHONDRS_S19S,S19S_0062_SED_INC-U,SED_INC_001,VB_000,SED_INC_DESC_000
WHONDRS_S19S,S19S_0062_SED_INC-D,SED_INC_001,VB_000,SED_INC_DESC_000
WHONDRS_S19S,S19S_0062_SED_INC-M,SED_INC_001,VB_000,SED_INC_DESC_000
WHONDRS_S19S,S19S_0063_SED_INC-U,SED_INC_001,VB_000,SED_INC_DESC_000
WHONDRS_S19S,S19S_0063_SED_INC-D,SED_INC_001,VB_000,SED_INC_DESC_000
WHONDRS_S19S,S19S_0063_SED_INC-M,SED_INC_001,VB_000,SED_INC_DESC_000
WHONDRS_S19S,S19S_0064_SED_INC-U,SED_INC_001,VB_000,SED_INC_DESC_000
WHONDRS_S19S,S19S_0064_SED_INC-D,SED_INC_001,VB_000,SED_INC_DESC_000
WHONDRS_S19S,S19S_0064_SED_INC-M,SED_INC_001,VB_000,SED_INC_DESC_000
WHONDRS_S19S,S19S_0059_SED_INC-D,SED_INC_004,VB_000,SED_INC_DESC_000
WHONDRS_S19S,S19S_0066_SED_INC-D,SED_INC_001,VB_000,SED_INC_DESC_000
WHONDRS_S19S,S19S_0061_SED_INC-D,SED_INC_004,VB_000,SED_INC_DESC_000
WHONDRS_S19S,S19S_0061_SED_INC-M,SED_INC_004,VB_000,SED_INC_DESC_000
WHONDRS_S19S,S19S_0066_SED_INC-M,SED_INC_004,VB_000,SED_INC_DESC_000
WHONDRS_S19S,S19S_0066_SED_INC-U,SED_INC_004,VB_000,SED_INC_DESC_000
WHONDRS_S19S,S19S_0068_SED_INC-U,SED_INC_001,VB_000,SED_INC_DESC_000
WHONDRS_S19S,S19S_0068_SED_INC-D,SED_INC_000,VB_013,SED_INC_DESC_000
WHONDRS_S19S,S19S_0068_SED_INC-M,SED_INC_001,VB_000,SED_INC_DESC_000
WHONDRS_S19S,S19S_0069_SED_INC-U,SED_INC_001,VB_000,SED_INC_DESC_000
WHONDRS_S19S,S19S_0069_SED_INC-D,SED_INC_001,VB_000,SED_INC_DESC_000
WHONDRS_S19S,S19S_0069_SED_INC-M,SED_INC_001,VB_000,SED_INC_DESC_000
WHONDRS_S19S,S19S_0070_SED_INC-U,SED_INC_001,VB_000,SED_INC_DESC_000
WHONDRS_S19S,S19S_0070_SED_INC-D,SED_INC_001,VB_000,SED_INC_DESC_000
WHONDRS_S19S,S19S_0070_SED_INC-M,SED_INC_001,VB_000,SED_INC_DESC_000
WHONDRS_S19S,S19S_0071_SED_INC-U,SED_INC_001,VB_000,SED_INC_DESC_000
WHONDRS_S19S,S19S_0071_SED_INC-D,SED_INC_001,VB_000,SED_INC_DESC_000
WHONDRS_S19S,S19S_0071_SED_INC-M,SED_INC_001,VB_000,SED_INC_DESC_000
WHONDRS_S19S,S19S_0072_SED_INC-U,SED_INC_001,VB_000,SED_INC_DESC_000
WHONDRS_S19S,S19S_0072_SED_INC-D,SED_INC_001,VB_000,SED_INC_DESC_000
WHONDRS_S19S,S19S_0072_SED_INC-M,SED_INC_001,VB_000,SED_INC_DESC_000
WHONDRS_S19S,S19S_0073_SED_INC-U,SED_INC_001,VB_000,SED_INC_DESC_000
WHONDRS_S19S,S19S_0073_SED_INC-D,SED_INC_001,VB_000,SED_INC_DESC_000
WHONDRS_S19S,S19S_0073_SED_INC-M,SED_INC_001,VB_000,SED_INC_DESC_000
WHONDRS_S19S,S19S_0074_SED_INC-U,SED_INC_001,VB_000,SED_INC_DESC_000
WHONDRS_S19S,S19S_0074_SED_INC-D,SED_INC_001,VB_000,SED_INC_DESC_000
WHONDRS_S19S,S19S_0074_SED_INC-M,SED_INC_001,VB_000,SED_INC_DESC_000
WHONDRS_S19S,S19S_0075_SED_INC-U,SED_INC_001,VB_000,SED_INC_DESC_000
WHONDRS_S19S,S19S_0075_SED_INC-D,SED_INC_001,VB_000,SED_INC_DESC_000
WHONDRS_S19S,S19S_0075_SED_INC-M,SED_INC_001,VB_000,SED_INC_DESC_000
WHONDRS_S19S,S19S_0076_SED_INC-U,SED_INC_001,VB_000,SED_INC_DESC_000
WHONDRS_S19S,S19S_0076_SED_INC-D,SED_INC_001,VB_000,SED_INC_DESC_000
WHONDRS_S19S,S19S_0076_SED_INC-M,SED_INC_001,VB_000,SED_INC_DESC_000
WHONDRS_S19S,S19S_0077_SED_INC-U,SED_INC_001,VB_000,SED_INC_DESC_000
WHONDRS_S19S,S19S_0077_SED_INC-D,SED_INC_001,VB_000,SED_INC_DESC_000
WHONDRS_S19S,S19S_0077_SED_INC-M,SED_INC_001,VB_000,SED_INC_DESC_000
WHONDRS_S19S,S19S_0080_SED_INC-U,SED_INC_001,VB_000,SED_INC_DESC_000
WHONDRS_S19S,S19S_0080_SED_INC-D,SED_INC_001,VB_000,SED_INC_DESC_000
WHONDRS_S19S,S19S_0080_SED_INC-M,SED_INC_001,VB_000,SED_INC_DESC_000
WHONDRS_S19S,S19S_0081_SED_INC-U,SED_INC_001,VB_000,SED_INC_DESC_000
WHONDRS_S19S,S19S_0081_SED_INC-D,SED_INC_000,VB_013,SED_INC_DESC_000
WHONDRS_S19S,S19S_0081_SED_INC-M,SED_INC_001,VB_000,SED_INC_DESC_000
WHONDRS_S19S,S19S_0082_SED_INC-U,SED_INC_001,VB_000,SED_INC_DESC_000
WHONDRS_S19S,S19S_0082_SED_INC-D,SED_INC_001,VB_000,SED_INC_DESC_000
WHONDRS_S19S,S19S_0082_SED_INC-M,SED_INC_001,VB_000,SED_INC_DESC_000
WHONDRS_S19S,S19S_0083_SED_INC-U,SED_INC_001,VB_000,SED_INC_DESC_000
WHONDRS_S19S,S19S_0083_SED_INC-D,SED_INC_001,VB_000,SED_INC_DESC_000
WHONDRS_S19S,S19S_0083_SED_INC-M,SED_INC_001,VB_000,SED_INC_DESC_000
WHONDRS_S19S,S19S_0084_SED_INC-U,SED_INC_001,VB_000,SED_INC_DESC_000
WHONDRS_S19S,S19S_0084_SED_INC-D,SED_INC_001,VB_000,SED_INC_DESC_000
WHONDRS_S19S,S19S_0084_SED_INC-M,SED_INC_001,VB_000,SED_INC_DESC_000
WHONDRS_S19S,S19S_0085_SED_INC-U,SED_INC_001,VB_000,SED_INC_DESC_000
WHONDRS_S19S,S19S_0085_SED_INC-D,SED_INC_001,VB_000,SED_INC_DESC_000
WHONDRS_S19S,S19S_0085_SED_INC-M,SED_INC_001,VB_000,SED_INC_DESC_000
WHONDRS_S19S,S19S_0086_SED_INC-U,SED_INC_001,VB_000,SED_INC_DESC_000
WHONDRS_S19S,S19S_0086_SED_INC-D,SED_INC_001,VB_000,SED_INC_DESC_000
WHONDRS_S19S,S19S_0086_SED_INC-M,SED_INC_001,VB_000,SED_INC_DESC_000
WHONDRS_S19S,S19S_0087_SED_INC-U,SED_INC_001,VB_000,SED_INC_DESC_000
WHONDRS_S19S,S19S_0067_SED_INC-D,SED_INC_004,VB_000,SED_INC_DESC_000
WHONDRS_S19S,S19S_0087_SED_INC-M,SED_INC_001,VB_000,SED_INC_DESC_000
WHONDRS_S19S,S19S_0090_SED_INC-U,SED_INC_001,VB_000,SED_INC_DESC_000
WHONDRS_S19S,S19S_0090_SED_INC-D,SED_INC_001,VB_000,SED_INC_DESC_000
WHONDRS_S19S,S19S_0090_SED_INC-M,SED_INC_001,VB_000,SED_INC_DESC_000
WHONDRS_S19S,S19S_0067_SED_INC-M,SED_INC_004,VB_000,SED_INC_DESC_000
WHONDRS_S19S,S19S_0097_SED_INC-D,SED_INC_001,VB_000,SED_INC_DESC_000
WHONDRS_S19S,S19S_0067_SED_INC-U,SED_INC_004,VB_000,SED_INC_DESC_000
WHONDRS_S19S,S19S_0098_SED_INC-U,SED_INC_001,VB_000,SED_INC_DESC_000
WHONDRS_S19S,S19S_0098_SED_INC-D,SED_INC_001,VB_000,SED_INC_DESC_000
WHONDRS_S19S,S19S_0098_SED_INC-M,SED_INC_001,VB_000,SED_INC_DESC_000
WHONDRS_S19S,S19S_0099_SED_INC-U,SED_INC_001,VB_000,SED_INC_DESC_000
WHONDRS_S19S,S19S_0099_SED_INC-D,SED_INC_001,VB_000,SED_INC_DESC_000
WHONDRS_S19S,S19S_0099_SED_INC-M,SED_INC_001,VB_000,SED_INC_DESC_000
WHONDRS_S19S,S19S_0100_SED_INC-U,SED_INC_001,VB_000,SED_INC_DESC_000
WHONDRS_S19S,S19S_0100_SED_INC-D,SED_INC_001,VB_000,SED_INC_DESC_000
WHONDRS_S19S,S19S_0100_SED_INC-M,SED_INC_001,VB_000,SED_INC_DESC_000
WHONDRS_S19S,S19S_0032_SED_INC-U,SED_INC_001,VB_000,SED_INC_DESC_000
WHONDRS_S19S,S19S_0032_SED_INC-D,SED_INC_001,VB_000,SED_INC_DESC_000
WHONDRS_S19S,S19S_0032_SED_INC-M,SED_INC_001,VB_000,SED_INC_DESC_000
WHONDRS_S19S,S19S_0053_SED_INC-U,SED_INC_001,VB_000,SED_INC_DESC_000
WHONDRS_S19S,S19S_0053_SED_INC-D,SED_INC_001,VB_000,SED_INC_DESC_000
WHONDRS_S19S,S19S_0053_SED_INC-M,SED_INC_001,VB_000,SED_INC_DESC_000
WHONDRS_S19S,S19S_0089_SED_INC-U,SED_INC_001,VB_000,SED_INC_DESC_000
WHONDRS_S19S,S19S_0087_SED_INC-D,SED_INC_004,VB_000,SED_INC_DESC_000
WHONDRS_S19S,S19S_0089_SED_INC-D,SED_INC_004,VB_000,SED_INC_DESC_000
WHONDRS_S19S,S19S_0005_SED_INC-U,SED_INC_000,VB_000,SED_INC_DESC_001
WHONDRS_S19S,S19S_0005_SED_INC-D,SED_INC_000,VB_000,SED_INC_DESC_001
WHONDRS_S19S,S19S_0005_SED_INC-M,SED_INC_000,VB_000,SED_INC_DESC_001
WHONDRS_S19S,S19S_0045_SED_INC-U,SED_INC_000,VB_000,SED_INC_DESC_001
WHONDRS_S19S,S19S_0045_SED_INC-D,SED_INC_000,VB_000,SED_INC_DESC_001
WHONDRS_S19S,S19S_0045_SED_INC-M,SED_INC_000,VB_000,SED_INC_DESC_001
WHONDRS_S19S,S19S_0048_SED_INC-U,SED_INC_000,VB_000,SED_INC_DESC_001
WHONDRS_S19S,S19S_0048_SED_INC-D,SED_INC_000,VB_000,SED_INC_DESC_001
WHONDRS_S19S,S19S_0048_SED_INC-M,SED_INC_000,VB_000,SED_INC_DESC_001
WHONDRS_S19S,S19S_0049_SED_INC-U,SED_INC_000,VB_000,SED_INC_DESC_001
WHONDRS_S19S,S19S_0049_SED_INC-D,SED_INC_000,VB_000,SED_INC_DESC_001
WHONDRS_S19S,S19S_0049_SED_INC-M,SED_INC_000,VB_000,SED_INC_DESC_001
WHONDRS_S19S,S19S_0056_SED_INC-U,SED_INC_000,VB_000,SED_INC_DESC_001
WHONDRS_S19S,S19S_0056_SED_INC-D,SED_INC_000,VB_000,SED_INC_DESC_001
WHONDRS_S19S,S19S_0056_SED_INC-M,SED_INC_000,VB_000,SED_INC_DESC_001
WHONDRS_S19S,S19S_0058_SED_INC-U,SED_INC_000,VB_000,SED_INC_DESC_001
WHONDRS_S19S,S19S_0058_SED_INC-D,SED_INC_000,VB_000,SED_INC_DESC_001
WHONDRS_S19S,S19S_0058_SED_INC-M,SED_INC_000,VB_000,SED_INC_DESC_001
WHONDRS_S19S,S19S_0093_SED_INC-U,SED_INC_000,VB_000,SED_INC_DESC_001
WHONDRS_S19S,S19S_0093_SED_INC-D,SED_INC_000,VB_000,SED_INC_DESC_001
WHONDRS_S19S,S19S_0093_SED_INC-M,SED_INC_000,VB_000,SED_INC_DESC_001
WHONDRS_S19S,S19S_0094_SED_INC-U,SED_INC_000,VB_000,SED_INC_DESC_001
WHONDRS_S19S,S19S_0094_SED_INC-D,SED_INC_000,VB_000,SED_INC_DESC_001
WHONDRS_S19S,S19S_0094_SED_INC-M,SED_INC_000,VB_000,SED_INC_DESC_001
WHONDRS_S19S,S19S_0001_SED_INC-U,SED_INC_000,VB_000,SED_INC_DESC_001
WHONDRS_S19S,S19S_0001_SED_INC-D,SED_INC_000,VB_000,SED_INC_DESC_001
WHONDRS_S19S,S19S_0001_SED_INC-M,SED_INC_000,VB_000,SED_INC_DESC_001
WHONDRS_S19S,S19S_0003_SED_INC-U,SED_INC_000,VB_000,SED_INC_DESC_001
WHONDRS_S19S,S19S_0003_SED_INC-D,SED_INC_000,VB_000,SED_INC_DESC_001
WHONDRS_S19S,S19S_0003_SED_INC-M,SED_INC_000,VB_000,SED_INC_DESC_001
WHONDRS_S19S,S19S_0004_SED_INC-U,SED_INC_000,VB_000,SED_INC_DESC_001
WHONDRS_S19S,S19S_0004_SED_INC-D,SED_INC_000,VB_000,SED_INC_DESC_001
WHONDRS_S19S,S19S_0004_SED_INC-M,SED_INC_000,VB_000,SED_INC_DESC_001
WHONDRS_S19S,S19S_0046_SED_INC-U,SED_INC_000,VB_000,SED_INC_DESC_001
WHONDRS_S19S,S19S_0046_SED_INC-D,SED_INC_000,VB_000,SED_INC_DESC_001
WHONDRS_S19S,S19S_0046_SED_INC-M,SED_INC_000,VB_000,SED_INC_DESC_001
WHONDRS_S19S,S19S_0092_SED_INC-U,SED_INC_000,VB_000,SED_INC_DESC_001
WHONDRS_S19S,S19S_0092_SED_INC-D,SED_INC_000,VB_000,SED_INC_DESC_001
WHONDRS_S19S,S19S_0092_SED_INC-M,SED_INC_000,VB_000,SED_INC_DESC_001
WHONDRS_S19S,S19S_0096_SED_INC-U,SED_INC_000,VB_000,SED_INC_DESC_001
WHONDRS_S19S,S19S_0096_SED_INC-D,SED_INC_000,VB_000,SED_INC_DESC_001
WHONDRS_S19S,S19S_0096_SED_INC-M,SED_INC_000,VB_000,SED_INC_DESC_001
WHONDRS_S19S,S19S_0012_SED_INC-D,SED_INC_000,VB_010,SED_INC_DESC_002
WHONDRS_S19S,S19S_0057_SED_INC-U,SED_INC_000,VB_000,SED_INC_DESC_002
WHONDRS_S19S,S19S_0057_SED_INC-D,SED_INC_000,VB_000,SED_INC_DESC_002
WHONDRS_S19S,S19S_0057_SED_INC-M,SED_INC_000,VB_000,SED_INC_DESC_002
WHONDRS_S19S,S19S_0065_SED_INC-U,SED_INC_000,VB_000,SED_INC_DESC_002
WHONDRS_S19S,S19S_0065_SED_INC-D,SED_INC_000,VB_000,SED_INC_DESC_002
WHONDRS_S19S,S19S_0065_SED_INC-M,SED_INC_000,VB_000,SED_INC_DESC_002
WHONDRS_S19S,S19S_0078_SED_INC-U,SED_INC_000,VB_000,SED_INC_DESC_002
WHONDRS_S19S,S19S_0078_SED_INC-D,SED_INC_000,VB_000,SED_INC_DESC_002
WHONDRS_S19S,S19S_0078_SED_INC-M,SED_INC_000,VB_000,SED_INC_DESC_002
WHONDRS_S19S,S19S_0079_SED_INC-U,SED_INC_000,VB_000,SED_INC_DESC_002
WHONDRS_S19S,S19S_0079_SED_INC-D,SED_INC_000,VB_000,SED_INC_DESC_002
WHONDRS_S19S,S19S_0079_SED_INC-M,SED_INC_000,VB_000,SED_INC_DESC_002
WHONDRS_S19S,S19S_0091_SED_INC-U,SED_INC_000,VB_000,SED_INC_DESC_002
WHONDRS_S19S,S19S_0091_SED_INC-D,SED_INC_000,VB_000,SED_INC_DESC_002
WHONDRS_S19S,S19S_0091_SED_INC-M,SED_INC_000,VB_000,SED_INC_DESC_002
WHONDRS_S19S,S19S_0089_SED_INC-M,SED_INC_004,VB_000,SED_INC_DESC_000
WHONDRS_S19S,S19S_0097_SED_INC-M,SED_INC_001,VB_000,SED_INC_DESC_000
WHONDRS_S19S,S19S_0097_SED_INC-U,SED_INC_004,VB_000,SED_INC_DESC_000
