#Columns,12,,,,,,,,,,,
#Header_Rows,12,,,,,,,,,,,
Field_Name,Sample_Name,IGSN,Material,Respiration_Rate_mg_DO_per_L_per_H,Respiration_R_Squared,Respiration_R_Squared_Adj,Respiration_p_value,Total_Incubation_Time_Min,Number_Points_In_Respiration_Regression,Number_Points_Removed_Respiration_Regression,DO_Concentration_At_Incubation_Time_Zero,Methods_Deviation
Unit,N/A,N/A,N/A,milligrams_per_liter_water_per_hour,N/A,N/A,N/A,N/A,N/A,N/A,N/A,N/A
Unit_Basis,N/A,N/A,N/A,as_rate_of_Oxygen_consumed,N/A,N/A,N/A,N/A,N/A,N/A,N/A,N/A
MethodID_Analysis,N/A,N/A,N/A,INC_T_AN_000,N/A,N/A,N/A,N/A,N/A,N/A,N/A,N/A
MethodID_Inspection,N/A,N/A,N/A,INC_T_IN_000,N/A,N/A,N/A,N/A,N/A,N/A,N/A,N/A
MethodID_Storage,N/A,N/A,N/A,INC_T_ST_000,N/A,N/A,N/A,N/A,N/A,N/A,N/A,N/A
MethodID_Preservation,N/A,N/A,N/A,INC_T_PRES_000,N/A,N/A,N/A,N/A,N/A,N/A,N/A,N/A
MethodID_Preparation,N/A,N/A,N/A,INC_T_PREP_000,N/A,N/A,N/A,N/A,N/A,N/A,N/A,N/A
MethodID_DataProcessing,N/A,N/A,N/A,INC_T_DP_000,N/A,N/A,N/A,N/A,N/A,N/A,N/A,N/A
Analysis_DetectionLimit,-9999,-9999,-9999,-9999,-9999,-9999,-9999,-9999,-9999,-9999,-9999,-9999
Analysis_Precision,-9999,-9999,-9999,-9999,-9999,-9999,-9999,-9999,-9999,-9999,-9999,-9999
Data_Status,N/A,N/A,N/A,ready_to_use,N/A,N/A,N/A,N/A,N/A,N/A,N/A,N/A
N/A,CM_001_INC-1,10.58052/IEWDR01Q5,Sediment,-12.773,1,-9999,-9999,15,2,0,8.117,INC_QA_000; INC_QA_001
N/A,CM_001_INC-2,10.58052/IEWDR01Q5,Sediment,-13.36,1,-9999,-9999,15,2,0,8.047,INC_QA_000; INC_QA_001
N/A,CM_001_INC-3,10.58052/IEWDR01Q5,Sediment,-12.44,1,-9999,-9999,15,2,0,6.897,INC_QA_000; INC_QA_001
N/A,CM_002_INC-1,10.58052/IEWDR01Q6,Sediment,-22.52,1,-9999,-9999,5,2,0,5.743,N/A
N/A,CM_002_INC-2,10.58052/IEWDR01Q6,Sediment,-44.829,1,-9999,-9999,7,2,0,6.273,N/A
N/A,CM_002_INC-3,10.58052/IEWDR01Q6,Sediment,-9999,1,-9999,-9999,5,2,0,4.187,RATE_002
N/A,CM_003_INC-1,10.58052/IEWDR01Q7,Sediment,-1.856,0.987,0.985,0.0014,120,8,0,9.48,N/A
N/A,CM_003_INC-2,10.58052/IEWDR01Q7,Sediment,-2.291,0.997,0.996,0.0012,55,5,1,8.84,N/A
N/A,CM_003_INC-3,10.58052/IEWDR01Q7,Sediment,-2.735,0.978,0.972,0.0034,85,6,1,-9999,N/A
N/A,CM_004_INC-1,10.58052/IEWDR01Q8,Sediment,-1.998,0.949,0.938,0.0035,89,7,0,8.483,N/A
N/A,CM_004_INC-2,10.58052/IEWDR01Q8,Sediment,-4.957,0.965,0.954,0.009,30,5,0,7.963,N/A
N/A,CM_004_INC-3,10.58052/IEWDR01Q8,Sediment,-2.73,0.941,0.926,0.0057,61,6,0,8.087,N/A
N/A,CM_005_INC-1,10.58052/IEWDR01Q9,Sediment,-0.337,0.986,0.984,3.00E-04,120,8,0,8.89,N/A
N/A,CM_005_INC-2,10.58052/IEWDR01Q9,Sediment,-0.502,0.949,0.936,1.00E-03,60,6,2,8.96,N/A
N/A,CM_005_INC-3,10.58052/IEWDR01Q9,Sediment,-0.711,0.973,0.964,0.0011,30,5,3,9.087,N/A
N/A,CM_006_INC-1,10.58052/IEWDR01QA,Sediment,-954.4,-9999,-9999,-9999,-9999,-9999,-9999,0.547,RATE_000
N/A,CM_006_INC-2,10.58052/IEWDR01QA,Sediment,-585.2,-9999,-9999,-9999,-9999,-9999,-9999,3.623,RATE_000
N/A,CM_006_INC-3,10.58052/IEWDR01QA,Sediment,-588.8,-9999,-9999,-9999,-9999,-9999,-9999,3.593,RATE_000
N/A,CM_007_INC-1,10.58052/IEWDR01QB,Sediment,-0.582,0.98,0.977,6.00E-04,85,7,1,8.89,N/A
N/A,CM_007_INC-2,10.58052/IEWDR01QB,Sediment,-0.484,0.979,0.974,6.00E-04,75,6,1,8.403,N/A
N/A,CM_007_INC-3,10.58052/IEWDR01QB,Sediment,-1.877,0.973,0.96,0.0037,16,4,3,8.917,N/A
N/A,CM_008_INC-1,10.58052/IEWDR01QC,Sediment,-718,-9999,-9999,-9999,-9999,-9999,-9999,2.517,RATE_000; INC_QA_001
N/A,CM_008_INC-2,10.58052/IEWDR01QC,Sediment,-963.2,-9999,-9999,-9999,-9999,-9999,-9999,0.473,RATE_000; INC_QA_001
N/A,CM_008_INC-3,10.58052/IEWDR01QC,Sediment,-711.6,-9999,-9999,-9999,-9999,-9999,-9999,2.57,RATE_000; INC_QA_001
N/A,CM_009_INC-1,10.58052/IEWDR01UU,Sediment,-4.712,0.988,0.984,0.005,30,5,2,8.943,N/A
N/A,CM_009_INC-2,10.58052/IEWDR01UU,Sediment,-4.269,0.992,0.989,0.0038,30,5,2,8.533,N/A
N/A,CM_009_INC-3,10.58052/IEWDR01UU,Sediment,-3.69,0.994,0.992,0.0024,60,6,0,8.277,N/A
N/A,CM_010_INC-1,10.58052/IEWDR01QD,Sediment,-1.79,0.992,0.991,0.0012,90,7,1,9.013,N/A
N/A,CM_010_INC-2,10.58052/IEWDR01QD,Sediment,-1.108,0.999,0.998,3.00E-04,120,8,0,8.773,N/A
N/A,CM_010_INC-3,10.58052/IEWDR01QD,Sediment,-1.535,0.993,0.992,9.00E-04,120,7,0,8.813,N/A
N/A,CM_011_INC-1,10.58052/IEWDR01QE,Sediment,-25.72,1,-9999,-9999,5,2,0,5.23,N/A
N/A,CM_011_INC-2,10.58052/IEWDR01QE,Sediment,-22.08,1,-9999,-9999,5,2,0,5.15,N/A
N/A,CM_011_INC-3,10.58052/IEWDR01QE,Sediment,-28.15,1,-9999,-9999,4,2,0,5.48,N/A
N/A,CM_012_INC-1,10.58052/IEWDR01QF,Sediment,-10.648,0.977,0.966,0.0193,15,4,0,7.633,N/A
N/A,CM_012_INC-2,10.58052/IEWDR01QF,Sediment,-9.33,0.984,0.976,0.014,16,4,1,7.7,N/A
N/A,CM_012_INC-3,10.58052/IEWDR01QF,Sediment,-6.988,0.991,0.986,0.008,15,4,1,7.887,N/A
N/A,CM_013_INC-1,10.58052/IEWDR01QG,Sediment,-10.658,1,1,0.001,15,4,1,7.897,N/A
N/A,CM_013_INC-2,10.58052/IEWDR01QG,Sediment,-9.787,0.965,0.948,0.0218,17,4,0,7.8,N/A
N/A,CM_013_INC-3,10.58052/IEWDR01QG,Sediment,-11.124,0.996,0.993,0.0088,15,4,0,7.597,N/A
N/A,CM_014_INC-1,10.58052/IEWDR01QH,Sediment,-12.8,1,-9999,-9999,6,2,0,7.063,N/A
N/A,CM_014_INC-2,10.58052/IEWDR01QH,Sediment,-15.22,0.982,0.964,0.0344,10,3,0,7.307,N/A
N/A,CM_014_INC-3,10.58052/IEWDR01QH,Sediment,-8.813,0.999,0.998,0.0042,11,3,0,7.283,N/A
N/A,CM_015_INC-1,10.58052/IEWDR01QI,Sediment,-11.568,0.991,0.981,0.0187,11,3,0,7.917,N/A
N/A,CM_015_INC-2,10.58052/IEWDR01QI,Sediment,-9.134,1,1,0.0022,11,3,0,7.257,N/A
N/A,CM_015_INC-3,10.58052/IEWDR01QI,Sediment,-6.185,0.997,0.996,0.004,21,4,0,7.357,N/A
N/A,CM_016_INC-1,10.58052/IEWDR01QJ,Sediment,-1017.6,-9999,-9999,-9999,-9999,-9999,-9999,0.02,RATE_000
N/A,CM_016_INC-2,10.58052/IEWDR01QJ,Sediment,-910,-9999,-9999,-9999,-9999,-9999,-9999,0.917,RATE_000
N/A,CM_016_INC-3,10.58052/IEWDR01QJ,Sediment,-1018.8,-9999,-9999,-9999,-9999,-9999,-9999,0.01,RATE_000
N/A,CM_017_INC-1,10.58052/IEWDR01QK,Sediment,-0.676,0.995,0.995,3.00E-04,120,8,0,8.873,N/A
N/A,CM_017_INC-2,10.58052/IEWDR01QK,Sediment,-0.782,0.997,0.996,3.00E-04,120,8,0,8.88,N/A
N/A,CM_017_INC-3,10.58052/IEWDR01QK,Sediment,-0.685,0.94,0.93,0.0012,120,8,0,8.633,N/A
N/A,CM_018_INC-1,10.58052/IEWDR01QL,Sediment,-0.515,0.969,0.963,6.00E-04,120,8,0,7.84,N/A
N/A,CM_018_INC-2,10.58052/IEWDR01QL,Sediment,-0.482,0.908,0.893,0.001,120,8,0,8.16,N/A
N/A,CM_018_INC-3,10.58052/IEWDR01QL,Sediment,-0.247,0.956,0.949,4.00E-04,120,8,0,7.76,N/A
N/A,CM_020_INC-1,10.58052/IEWDR01QM,Sediment,-5.432,0.997,0.995,0.0036,15,4,2,7.567,N/A
N/A,CM_020_INC-2,10.58052/IEWDR01QM,Sediment,-6.187,0.993,0.99,0.0051,30,5,0,7.21,N/A
N/A,CM_020_INC-3,10.58052/IEWDR01QM,Sediment,-4.584,0.984,0.979,0.0056,30,5,1,7.487,N/A
N/A,CM_021_INC-1,10.58052/IEWDR01QN,Sediment,-1.548,0.987,0.984,0.0013,90,7,1,8.427,INC_QA_000
N/A,CM_021_INC-2,10.58052/IEWDR01QN,Sediment,-1.113,0.963,0.955,0.0016,115,7,1,-9999,N/A
N/A,CM_021_INC-3,10.58052/IEWDR01QN,Sediment,-1.548,0.914,0.9,0.0032,120,8,0,8.64,N/A
N/A,CM_022_INC-1,10.58052/IEWDR01QO,Sediment,-1.688,0.985,0.983,0.0015,90,7,1,8.5,N/A
N/A,CM_022_INC-2,10.58052/IEWDR01QO,Sediment,-1.269,0.988,0.985,0.0011,90,7,1,8.78,N/A
N/A,CM_022_INC-3,10.58052/IEWDR01QO,Sediment,-2.497,0.989,0.986,0.002,90,7,0,8.727,N/A
N/A,CM_023_INC-1,10.58052/IEWDR01QP,Sediment,-590.4,-9999,-9999,-9999,-9999,-9999,-9999,3.58,RATE_000
N/A,CM_023_INC-2,10.58052/IEWDR01QP,Sediment,-708.8,-9999,-9999,-9999,-9999,-9999,-9999,2.593,RATE_000
N/A,CM_023_INC-3,10.58052/IEWDR01QP,Sediment,-599.6,-9999,-9999,-9999,-9999,-9999,-9999,3.503,RATE_000
N/A,CM_024_INC-1,10.58052/IEWDR01QQ,Sediment,-1.334,0.923,0.91,0.0026,120,8,0,9.207,N/A
N/A,CM_024_INC-2,10.58052/IEWDR01QQ,Sediment,-1.387,0.993,0.992,8.00E-04,120,8,0,8.46,N/A
N/A,CM_024_INC-3,10.58052/IEWDR01QQ,Sediment,-1.432,0.98,0.976,0.0015,90,7,1,8.65,N/A
N/A,CM_025_INC-1,N/A,Sediment,-9999,-9999,-9999,-9999,-9999,-9999,-9999,-9999,VI_INC_001
N/A,CM_025_INC-2,N/A,Sediment,-9999,-9999,-9999,-9999,-9999,-9999,-9999,-9999,VI_INC_001
N/A,CM_025_INC-3,N/A,Sediment,-9999,-9999,-9999,-9999,-9999,-9999,-9999,-9999,VI_INC_001
N/A,CM_026_INC-1,N/A,Sediment,-9999,-9999,-9999,-9999,-9999,-9999,-9999,-9999,VI_INC_001
N/A,CM_026_INC-2,N/A,Sediment,-9999,-9999,-9999,-9999,-9999,-9999,-9999,-9999,VI_INC_001
N/A,CM_026_INC-3,N/A,Sediment,-9999,-9999,-9999,-9999,-9999,-9999,-9999,-9999,VI_INC_001
N/A,CM_027_INC-1,10.58052/IEWDR01QR,Sediment,-892.4,-9999,-9999,-9999,-9999,-9999,-9999,1.063,RATE_000
N/A,CM_027_INC-2,10.58052/IEWDR01QR,Sediment,-742.4,-9999,-9999,-9999,-9999,-9999,-9999,2.313,RATE_000
N/A,CM_027_INC-3,10.58052/IEWDR01QR,Sediment,-531.6,-9999,-9999,-9999,-9999,-9999,-9999,4.07,RATE_000
N/A,CM_028_INC-1,10.58052/IEWDR01QS,Sediment,-11.74,0.997,0.995,0.0102,10,3,0,6.743,N/A
N/A,CM_028_INC-2,10.58052/IEWDR01QS,Sediment,-8.204,0.996,0.993,0.0064,15,4,0,6.637,N/A
N/A,CM_028_INC-3,10.58052/IEWDR01QS,Sediment,-11.376,0.994,0.988,0.0147,10,3,0,6.877,N/A
N/A,CM_029_INC-1,N/A,Sediment,-9999,-9999,-9999,-9999,-9999,-9999,-9999,-9999,VI_INC_001
N/A,CM_029_INC-2,N/A,Sediment,-9999,-9999,-9999,-9999,-9999,-9999,-9999,-9999,VI_INC_001
N/A,CM_029_INC-3,N/A,Sediment,-9999,-9999,-9999,-9999,-9999,-9999,-9999,-9999,VI_INC_001
N/A,CM_030_INC-1,N/A,Sediment,-9999,-9999,-9999,-9999,-9999,-9999,-9999,-9999,VI_INC_001
N/A,CM_030_INC-2,N/A,Sediment,-9999,-9999,-9999,-9999,-9999,-9999,-9999,-9999,VI_INC_001
N/A,CM_030_INC-3,N/A,Sediment,-9999,-9999,-9999,-9999,-9999,-9999,-9999,-9999,VI_INC_001
N/A,CM_032_INC-1,10.58052/IEWDR01QT,Sediment,-1014.4,-9999,-9999,-9999,-9999,-9999,-9999,0.047,RATE_000
N/A,CM_032_INC-2,10.58052/IEWDR01QT,Sediment,-997.2,-9999,-9999,-9999,-9999,-9999,-9999,0.19,RATE_000
N/A,CM_032_INC-3,10.58052/IEWDR01QT,Sediment,-1018,-9999,-9999,-9999,-9999,-9999,-9999,0.017,RATE_000
N/A,CM_033_INC-1,10.58052/IEWDR01QU,Sediment,-1.166,0.986,0.983,0.0011,60,6,2,8.613,N/A
N/A,CM_033_INC-2,10.58052/IEWDR01QU,Sediment,-0.786,0.841,0.815,0.0023,120,8,0,8.573,N/A
N/A,CM_033_INC-3,10.58052/IEWDR01QU,Sediment,-0.578,0.982,0.978,5.00E-04,120,8,0,8.39,N/A
N/A,CM_034_INC-1,10.58052/IEWDR01QV,Sediment,-416,-9999,-9999,-9999,-9999,-9999,-9999,5.033,RATE_000; RATE_001
N/A,CM_034_INC-2,10.58052/IEWDR01QV,Sediment,-491.6,-9999,-9999,-9999,-9999,-9999,-9999,4.403,RATE_000
N/A,CM_034_INC-3,10.58052/IEWDR01QV,Sediment,-513.2,-9999,-9999,-9999,-9999,-9999,-9999,4.223,RATE_000
N/A,CM_035_INC-1,10.58052/IEWDR01QW,Sediment,-668.4,-9999,-9999,-9999,-9999,-9999,-9999,2.93,RATE_000
N/A,CM_035_INC-2,10.58052/IEWDR01QW,Sediment,-838.4,-9999,-9999,-9999,-9999,-9999,-9999,1.513,RATE_000
N/A,CM_035_INC-3,10.58052/IEWDR01QW,Sediment,-767.6,-9999,-9999,-9999,-9999,-9999,-9999,2.103,RATE_000
N/A,CM_037_INC-1,10.58052/IEWDR01QX,Sediment,-1.666,0.923,0.91,0.0033,120,8,0,8.3,N/A
N/A,CM_037_INC-2,10.58052/IEWDR01QX,Sediment,-1.827,0.942,0.932,0.0031,120,8,0,8.937,N/A
N/A,CM_037_INC-3,10.58052/IEWDR01QX,Sediment,-2.315,0.973,0.968,0.0029,90,7,1,8.7,N/A
N/A,CM_038_INC-1,10.58052/IEWDR01QY,Sediment,-1.123,0.981,0.977,0.0013,60,6,2,8.777,N/A
N/A,CM_038_INC-2,10.58052/IEWDR01QY,Sediment,-1.423,0.992,0.99,1.00E-03,90,7,1,8.777,N/A
N/A,CM_038_INC-3,10.58052/IEWDR01QY,Sediment,-1.365,0.998,0.998,4.00E-04,120,8,0,8.763,N/A
N/A,CM_039_INC-1,10.58052/IEWDR01QZ,Sediment,-4.608,0.977,0.969,0.0068,30,5,2,7.95,N/A
N/A,CM_039_INC-2,10.58052/IEWDR01QZ,Sediment,-2.521,0.938,0.923,0.0054,60,6,0,8,N/A
N/A,CM_039_INC-3,10.58052/IEWDR01QZ,Sediment,-2.011,0.943,0.929,0.0041,90,6,1,-9999,N/A
N/A,CM_040_INC-1,10.58052/IEWDR01R0,Sediment,-1012.8,-9999,-9999,-9999,-9999,-9999,-9999,0.06,RATE_000
N/A,CM_040_INC-2,10.58052/IEWDR01R0,Sediment,-816.4,-9999,-9999,-9999,-9999,-9999,-9999,1.697,RATE_000
N/A,CM_040_INC-3,10.58052/IEWDR01R0,Sediment,-9999,-9999,-9999,-9999,-9999,-9999,-9999,0,RATE_000
N/A,CM_041_INC-1,10.58052/IEWDR01R1,Sediment,-20.3,0.968,0.935,0.0618,10,3,0,6.857,N/A
N/A,CM_041_INC-2,10.58052/IEWDR01R1,Sediment,-15.853,0.924,0.849,0.0756,11,3,0,6.687,N/A
N/A,CM_041_INC-3,10.58052/IEWDR01R1,Sediment,-12.92,0.992,0.988,0.0135,15,4,0,7.287,N/A
N/A,CM_042_INC-1,10.58052/IEWDR01R2,Sediment,-3.386,0.956,0.945,0.0061,60,6,0,7.997,N/A
N/A,CM_042_INC-2,10.58052/IEWDR01R2,Sediment,-2.462,0.973,0.966,0.0034,60,6,2,8.183,N/A
N/A,CM_042_INC-3,10.58052/IEWDR01R2,Sediment,-2.441,0.987,0.984,0.0021,90,7,0,8.673,N/A
N/A,CM_043_INC-1,10.58052/IEWDR01UX,Sediment,-9999,-9999,-9999,-9999,-9999,-9999,-9999,-9999,VI_INC_002
N/A,CM_043_INC-2,10.58052/IEWDR01UX,Sediment,-9999,-9999,-9999,-9999,-9999,-9999,-9999,-9999,VI_INC_002
N/A,CM_043_INC-3,10.58052/IEWDR01UX,Sediment,-9999,-9999,-9999,-9999,-9999,-9999,-9999,-9999,VI_INC_002
N/A,CM_044_INC-1,10.58052/IEWDR01V0,Sediment,-1.923,0.975,0.971,0.0021,120,8,0,8.813,N/A
N/A,CM_044_INC-2,10.58052/IEWDR01V0,Sediment,-2.042,0.992,0.99,0.0015,60,6,2,8.95,N/A
N/A,CM_044_INC-3,10.58052/IEWDR01V0,Sediment,-3.32,0.988,0.984,0.0035,30,5,3,8.83,N/A
N/A,CM_045_INC-1,10.58052/IEWDR01V3,Sediment,-0.473,0.953,0.946,7.00E-04,120,8,0,9.057,N/A
N/A,CM_045_INC-2,10.58052/IEWDR01V3,Sediment,-0.599,0.959,0.952,8.00E-04,121,8,0,9.203,N/A
N/A,CM_045_INC-3,10.58052/IEWDR01V3,Sediment,-0.558,0.859,0.836,0.0015,120,8,0,9.123,N/A
N/A,CM_046_INC-1,10.58052/IEWDR01V6,Sediment,-2.636,0.994,0.993,0.0014,120,8,0,9.483,N/A
N/A,CM_046_INC-2,10.58052/IEWDR01V6,Sediment,-2.579,0.997,0.996,1.00E-03,123,8,0,9.303,N/A
N/A,CM_046_INC-3,10.58052/IEWDR01V6,Sediment,-2.66,0.998,0.997,1.00E-03,90,7,0,8.783,N/A
N/A,CM_047_INC-1,10.58052/IEWDR01ZH,Sediment,-1,0.973,0.968,0.0011,120,8,0,8.893,N/A
N/A,CM_047_INC-2,10.58052/IEWDR01ZH,Sediment,-1.41,0.988,0.985,0.0013,60,6,2,9.36,N/A
N/A,CM_047_INC-3,10.58052/IEWDR01ZH,Sediment,-0.94,0.998,0.997,0.00032,120,8,0,8.983,N/A
N/A,CM_048_INC-1,10.58052/IEWDR01ZI,Sediment,-0.14,0.443,0.35,0.001,120,8,0,9.297,N/A
N/A,CM_048_INC-2,10.58052/IEWDR01ZI,Sediment,-0.2,0.878,0.858,0.00052,120,8,0,9.437,N/A
N/A,CM_048_INC-3,10.58052/IEWDR01ZI,Sediment,-0.14,0.87,0.844,0.0004,115,7,1,-9999,N/A
N/A,CM_049_INC-1,10.58052/IEWDR01ZJ,Sediment,-1,0.98,0.976,0.00098,120,8,0,8.52,N/A
N/A,CM_049_INC-2,10.58052/IEWDR01ZJ,Sediment,-0.81,0.995,0.994,0.00039,120,8,0,8.387,N/A
N/A,CM_049_INC-3,10.58052/IEWDR01ZJ,Sediment,-0.96,0.989,0.987,0.00071,120,8,0,8.587,N/A
N/A,CM_050_INC-1,10.58052/IEWDR01V9,Sediment,-2.787,0.987,0.984,0.0024,90,7,0,8.887,N/A
N/A,CM_050_INC-2,10.58052/IEWDR01V9,Sediment,-3.231,0.992,0.989,0.0025,60,6,1,8.897,N/A
N/A,CM_050_INC-3,10.58052/IEWDR01V9,Sediment,-2.033,0.988,0.986,0.0015,120,8,0,8.753,N/A
N/A,CM_051_INC-1,10.58052/IEWDR01VC,Sediment,-0.539,0.952,0.944,8.00E-04,120,8,0,8.833,N/A
N/A,CM_051_INC-2,10.58052/IEWDR01VC,Sediment,-0.586,0.944,0.935,1.00E-03,120,8,0,8.823,N/A
N/A,CM_051_INC-3,10.58052/IEWDR01VC,Sediment,-0.868,0.978,0.973,1.00E-03,90,7,1,9.14,N/A
N/A,CM_052_INC-1,10.58052/IEWDR01VF,Sediment,-1.489,0.966,0.96,0.0019,120,8,0,8.773,N/A
N/A,CM_052_INC-2,10.58052/IEWDR01VF,Sediment,-1.295,0.99,0.988,9.00E-04,120,8,0,8.92,N/A
N/A,CM_052_INC-3,10.58052/IEWDR01VF,Sediment,-1.363,0.992,0.99,8.00E-04,120,8,0,8.677,N/A
N/A,CM_053_INC-1,10.58052/IEWDR01ZK,Sediment,-0.8,0.977,0.973,0.00091,90,7,1,9.16,N/A
N/A,CM_053_INC-2,10.58052/IEWDR01ZK,Sediment,-0.84,0.976,0.971,0.00098,90,7,1,9.207,N/A
N/A,CM_053_INC-3,10.58052/IEWDR01ZK,Sediment,-1.58,0.998,0.997,0.00085,25,4,4,-9999,N/A
N/A,CM_054_INC-1,10.58052/IEWDR01ZL,Sediment,-0.64,0.989,0.987,0.00046,120,8,0,9.233,N/A
N/A,CM_054_INC-2,10.58052/IEWDR01ZL,Sediment,-0.53,0.92,0.906,0.0011,120,8,0,9.16,N/A
N/A,CM_054_INC-3,10.58052/IEWDR01ZL,Sediment,-0.62,0.976,0.972,0.00066,120,8,0,9.11,N/A
N/A,CM_055_INC-1,10.58052/IEWDR01ZM,Sediment,-0.34,0.97,0.965,0.00041,121,8,0,8.373,N/A
N/A,CM_055_INC-2,10.58052/IEWDR01ZM,Sediment,-0.42,0.943,0.933,0.00071,110,8,0,8.45,N/A
N/A,CM_055_INC-3,10.58052/IEWDR01ZM,Sediment,-0.33,0.979,0.975,0.00035,90,7,1,8.397,N/A
N/A,CM_056_INC-1,10.58052/IEWDR01VI,Sediment,-0.321,0.98,0.976,3.00E-04,90,7,1,8.507,N/A
N/A,CM_056_INC-2,10.58052/IEWDR01VI,Sediment,-0.428,0.981,0.977,4.00E-04,90,7,1,8.547,N/A
N/A,CM_056_INC-3,10.58052/IEWDR01VI,Sediment,-0.448,0.949,0.941,7.00E-04,120,8,0,8.747,N/A
N/A,CM_057_INC-1,10.58052/IEWDR01VL,Sediment,-0.341,0.955,0.948,5.00E-04,120,8,0,9.253,N/A
N/A,CM_057_INC-2,10.58052/IEWDR01VL,Sediment,-0.378,0.841,0.809,0.0012,90,7,1,9.17,N/A
N/A,CM_057_INC-3,10.58052/IEWDR01VL,Sediment,-0.259,0.968,0.962,3.00E-04,120,8,0,9.11,N/A
N/A,CM_058_INC-1,10.58052/IEWDR01VO,Sediment,-0.204,0.925,0.913,4.00E-04,120,8,0,8.56,N/A
N/A,CM_058_INC-2,10.58052/IEWDR01VO,Sediment,-0.174,0.882,0.862,4.00E-04,120,8,0,8.737,N/A
N/A,CM_058_INC-3,10.58052/IEWDR01VO,Sediment,-0.225,0.982,0.979,2.00E-04,121,8,0,8.7,N/A
N/A,CM_059_INC-1,10.58052/IEWDR01ZN,Sediment,-0.21,0.946,0.935,0.00038,90,7,1,8.56,N/A
N/A,CM_059_INC-2,10.58052/IEWDR01ZN,Sediment,-0.57,0.968,0.961,0.00077,90,7,1,8.78,N/A
N/A,CM_059_INC-3,10.58052/IEWDR01ZN,Sediment,-0.37,0.942,0.932,0.00062,120,8,0,8.597,N/A
N/A,CM_060_INC-1,10.58052/IEWDR01ZO,Sediment,-0.97,0.977,0.973,0.001,120,8,0,8.897,N/A
N/A,CM_060_INC-2,10.58052/IEWDR01ZO,Sediment,-0.75,0.969,0.963,0.00092,120,8,0,8.237,N/A
N/A,CM_060_INC-3,10.58052/IEWDR01ZO,Sediment,-0.8,0.982,0.979,0.00073,120,8,0,8.61,N/A
N/A,CM_061_INC-1,10.58052/IEWDR01ZP,Sediment,-0.28,0.968,0.962,0.00035,120,8,0,8.253,N/A
N/A,CM_061_INC-2,10.58052/IEWDR01ZP,Sediment,-0.19,0.935,0.925,0.00034,120,8,0,8.313,N/A
N/A,CM_061_INC-3,10.58052/IEWDR01ZP,Sediment,-0.32,0.875,0.854,0.00084,120,8,0,8.513,N/A
N/A,CM_062_INC-1,10.58052/IEWDR01R3,Sediment,-0.816,0.972,0.968,9.00E-04,120,8,0,8.903,N/A
N/A,CM_062_INC-2,10.58052/IEWDR01R3,Sediment,-0.909,0.985,0.982,8.00E-04,90,7,1,9.127,N/A
N/A,CM_062_INC-3,10.58052/IEWDR01R3,Sediment,-0.683,0.973,0.968,8.00E-04,120,8,0,8.733,N/A
N/A,CM_063_INC-1,10.58052/IEWDR01R4,Sediment,-0.777,0.981,0.978,8.00E-04,90,7,1,9.213,N/A
N/A,CM_063_INC-2,10.58052/IEWDR01R4,Sediment,-0.764,0.98,0.976,8.00E-04,90,7,1,9.017,N/A
N/A,CM_063_INC-3,10.58052/IEWDR01R4,Sediment,-0.768,0.991,0.989,6.00E-04,90,7,1,9.407,N/A
N/A,CM_064_INC-1,10.58052/IEWDR01VR,Sediment,-8.264,0.993,0.99,0.0082,15,4,1,8.017,N/A
N/A,CM_064_INC-2,10.58052/IEWDR01VR,Sediment,-8.848,0.967,0.95,0.0194,15,4,1,7.917,N/A
N/A,CM_064_INC-3,10.58052/IEWDR01VR,Sediment,-5.328,0.979,0.974,0.0064,60,6,0,8.317,N/A
N/A,CM_065_INC-1,10.58052/IEWDR01ZQ,Sediment,-4.39,0.934,0.911,0.011,30,5,0,7.133,N/A
N/A,CM_065_INC-2,10.58052/IEWDR01ZQ,Sediment,-2.66,0.886,0.857,0.008,60,6,0,7.693,N/A
N/A,CM_065_INC-3,10.58052/IEWDR01ZQ,Sediment,-7.39,0.952,0.928,0.02,15,4,2,8,N/A
N/A,CM_066_INC-1,10.58052/IEWDR01VU,Sediment,-0.362,0.978,0.974,4.00E-04,120,8,0,8.897,N/A
N/A,CM_066_INC-2,10.58052/IEWDR01VU,Sediment,-0.33,0.968,0.963,4.00E-04,120,8,0,9.07,N/A
N/A,CM_066_INC-3,10.58052/IEWDR01VU,Sediment,-0.335,0.937,0.926,6.00E-04,120,8,0,9.097,N/A
N/A,CM_068_INC-4,10.58052/IEWDR01VX,Sediment,-16,1,-9999,-9999,5,2,0,5.71,INC_001
N/A,CM_068_INC-5,10.58052/IEWDR01VX,Sediment,-21.12,1,-9999,-9999,5,2,0,4.587,INC_001
N/A,CM_068_INC-6,10.58052/IEWDR01VX,Sediment,-20.68,1,-9999,-9999,5,2,0,2.857,INC_001
N/A,CM_069_INC-1,10.58052/IEWDR01W0,Sediment,-449.6,-9999,-9999,-9999,-9999,-9999,-9999,4.753,RATE_000
N/A,CM_069_INC-2,10.58052/IEWDR01W0,Sediment,-461.2,-9999,-9999,-9999,-9999,-9999,-9999,4.657,RATE_000
N/A,CM_069_INC-3,10.58052/IEWDR01W0,Sediment,-600.4,-9999,-9999,-9999,-9999,-9999,-9999,3.497,RATE_000
N/A,CM_070_INC-1,10.58052/IEWDR01W3,Sediment,-1.872,0.952,0.944,0.0029,120,8,0,9.207,N/A
N/A,CM_070_INC-2,10.58052/IEWDR01W3,Sediment,-2.291,0.975,0.969,0.003,60,6,2,9.053,N/A
N/A,CM_070_INC-3,10.58052/IEWDR01W3,Sediment,-1.546,0.933,0.922,0.0028,120,8,0,9.063,N/A
N/A,CM_071_INC-4,10.58052/IEWDR01W6,Sediment,-10.564,0.993,0.99,0.0102,15,4,1,7.903,INC_001
N/A,CM_071_INC-5,10.58052/IEWDR01W6,Sediment,-26.52,1,-9999,-9999,5,2,0,7.03,INC_001
N/A,CM_071_INC-6,10.58052/IEWDR01W6,Sediment,-12.32,0.995,0.99,0.0142,10,3,0,6.5,INC_001
N/A,CM_072_INC-4,10.58052/IEWDR01W9,Sediment,-28.8,1,-9999,-9999,5,2,0,4.94,INC_001
N/A,CM_072_INC-5,10.58052/IEWDR01W9,Sediment,-19.76,1,-9999,-9999,5,2,0,6.207,INC_001
N/A,CM_072_INC-6,10.58052/IEWDR01W9,Sediment,-8.029,0.988,0.976,0.0148,15,3,0,6.683,INC_001
N/A,CM_073_INC-1,10.58052/IEWDR01WC,Sediment,-1.171,0.983,0.98,0.0011,120,8,0,8.63,N/A
N/A,CM_073_INC-2,10.58052/IEWDR01WC,Sediment,-1.204,0.986,0.984,1.00E-03,120,8,0,8.837,N/A
N/A,CM_073_INC-3,10.58052/IEWDR01WC,Sediment,-1.084,0.991,0.99,7.00E-04,120,8,0,8.783,N/A
N/A,CM_074_INC-1,10.58052/IEWDR01WF,Sediment,-1.652,0.947,0.939,0.0026,120,8,0,8.937,N/A
N/A,CM_074_INC-2,10.58052/IEWDR01WF,Sediment,-2.622,0.994,0.993,0.0017,60,6,2,8.903,N/A
N/A,CM_074_INC-3,10.58052/IEWDR01WF,Sediment,-1.793,0.989,0.987,0.0013,120,8,0,8.607,N/A
N/A,CM_075_INC-1,10.58052/IEWDR01WI,Sediment,-15.24,1,-9999,-9999,5,2,0,5.177,N/A
N/A,CM_075_INC-2,10.58052/IEWDR01WI,Sediment,-15.88,1,-9999,-9999,5,2,0,5.82,N/A
N/A,CM_075_INC-3,10.58052/IEWDR01WI,Sediment,-15.78,0.986,0.972,0.0314,10,3,0,6.243,N/A
N/A,CM_076_INC-1,10.58052/IEWDR01WL,Sediment,-2.502,0.993,0.991,0.0016,90,7,0,8.443,N/A
N/A,CM_076_INC-2,10.58052/IEWDR01WL,Sediment,-2.433,0.978,0.974,0.0027,90,7,0,8.363,N/A
N/A,CM_076_INC-3,10.58052/IEWDR01WL,Sediment,-2.719,0.985,0.982,0.0028,60,6,1,8.443,N/A
N/A,CM_077_INC-1,10.58052/IEWDR01WO,Sediment,-1.989,0.992,0.991,0.0012,120,8,0,8.723,N/A
N/A,CM_077_INC-2,10.58052/IEWDR01WO,Sediment,-1.764,0.992,0.99,0.0011,120,8,0,8.457,N/A
N/A,CM_077_INC-3,10.58052/IEWDR01WO,Sediment,-1.884,0.993,0.991,0.0011,120,8,0,8.533,N/A
N/A,CM_078_INC-4,10.58052/IEWDR01WR,Sediment,-10.048,0.981,0.972,0.0164,15,4,0,7.007,INC_001
N/A,CM_078_INC-5,10.58052/IEWDR01WR,Sediment,-10.404,0.959,0.938,0.0254,15,4,0,7.417,INC_001
N/A,CM_078_INC-6,10.58052/IEWDR01WR,Sediment,-14.04,0.945,0.89,0.0566,10,3,0,7.217,INC_001
N/A,CM_079_INC-1,10.58052/IEWDR01WU,Sediment,-15.48,1,-9999,-9999,5,2,0,6.077,N/A
N/A,CM_079_INC-2,10.58052/IEWDR01WU,Sediment,-23.12,1,-9999,-9999,5,2,0,6.037,N/A
N/A,CM_079_INC-3,10.58052/IEWDR01WU,Sediment,-25.6,1,-9999,-9999,5,2,0,6.17,N/A
N/A,CM_080_INC-4,10.58052/IEWDR01WX,Sediment,-9.92,0.979,0.958,0.0242,10,3,0,6.567,INC_001
N/A,CM_080_INC-5,10.58052/IEWDR01WX,Sediment,-12.62,0.974,0.948,0.0344,10,3,0,6.613,INC_001
N/A,CM_080_INC-6,10.58052/IEWDR01WX,Sediment,-7.64,0.992,0.988,0.0082,15,4,0,6.247,INC_001
N/A,CM_081_INC-1,10.58052/IEWDR01X0,Sediment,-8.344,0.99,0.986,0.0097,15,4,0,6.73,N/A
N/A,CM_081_INC-2,10.58052/IEWDR01X0,Sediment,-5.73,0.945,0.927,0.0132,30,5,0,7.487,N/A
N/A,CM_081_INC-3,10.58052/IEWDR01X0,Sediment,-2.09,0.889,0.867,0.0055,90,7,0,7.973,N/A
N/A,CM_082_INC-1,10.58052/IEWDR01X3,Sediment,-34.56,1,-9999,-9999,5,2,0,6.32,N/A
N/A,CM_082_INC-2,10.58052/IEWDR01X3,Sediment,-26.92,1,-9999,-9999,5,2,0,5.837,N/A
N/A,CM_082_INC-3,10.58052/IEWDR01X3,Sediment,-25.8,1,-9999,-9999,5,2,0,5.473,N/A
N/A,CM_083_INC-1,10.58052/IEWDR01ZR,Sediment,-12.58,0.988,0.982,0.016,15,4,0,7.98,N/A
N/A,CM_083_INC-2,10.58052/IEWDR01ZR,Sediment,-12.04,0.969,0.953,0.025,15,4,0,7.36,N/A
N/A,CM_083_INC-3,10.58052/IEWDR01ZR,Sediment,-15.16,0.917,0.835,0.076,10,3,0,7.423,N/A
N/A,CM_084_INC-1,10.58052/IEWDR01X6,Sediment,-3.205,0.99,0.987,0.0027,60,6,1,8.267,N/A
N/A,CM_084_INC-2,10.58052/IEWDR01X6,Sediment,-3.234,0.987,0.983,0.0031,60,6,1,8.38,N/A
N/A,CM_084_INC-3,10.58052/IEWDR01X6,Sediment,-3.336,0.978,0.973,0.0041,63,6,1,8.517,N/A
N/A,CM_085_INC-1,10.58052/IEWDR01X9,Sediment,-6.073,0.989,0.986,0.006,31,5,0,7.417,N/A
N/A,CM_085_INC-2,10.58052/IEWDR01X9,Sediment,-18.292,0.932,0.865,0.0821,14,3,1,-9999,N/A
N/A,CM_085_INC-3,10.58052/IEWDR01X9,Sediment,-6.077,0.999,0.998,0.0025,16,4,2,7.717,N/A
N/A,CM_086_INC-4,10.58052/IEWDR01ZS,Sediment,-39.76,1,-9999,-9999,5,2,0,3.873,INC_001
N/A,CM_086_INC-5,10.58052/IEWDR01ZS,Sediment,-42.08,1,-9999,-9999,5,2,0,6.2,INC_001
N/A,CM_086_INC-6,10.58052/IEWDR01ZS,Sediment,-41.36,1,-9999,-9999,5,2,0,6.013,INC_001
N/A,CM_087_INC-4,10.58052/IEWDR01ZT,Sediment,-1.8,0.928,0.914,0.0037,90,7,0,7.67,INC_001
N/A,CM_087_INC-5,10.58052/IEWDR01ZT,Sediment,-4.67,0.977,0.965,0.0085,15,4,3,7.94,INC_001
N/A,CM_087_INC-6,10.58052/IEWDR01ZT,Sediment,-2.46,0.916,0.899,0.0056,90,7,0,7.883,INC_001
N/A,CM_088_INC-1,10.58052/IEWDR01XC,Sediment,-3.713,0.985,0.982,0.0038,60,6,0,8.77,N/A
N/A,CM_088_INC-2,10.58052/IEWDR01XC,Sediment,-4.991,0.988,0.985,0.0045,60,6,0,8.57,N/A
N/A,CM_088_INC-3,10.58052/IEWDR01XC,Sediment,-5.614,0.984,0.979,0.0069,30,5,1,8.44,N/A
N/A,CM_089_INC-1,10.58052/IEWDR01ZU,Sediment,-1.01,0.937,0.928,0.0017,120,9,0,8.663,N/A
N/A,CM_089_INC-2,10.58052/IEWDR01ZU,Sediment,-1.07,0.986,0.984,0.0008,120,9,0,8.52,N/A
N/A,CM_089_INC-3,10.58052/IEWDR01ZU,Sediment,-0.94,0.97,0.966,0.001,120,9,0,8.753,N/A
N/A,CM_090_INC-4,10.58052/IEWDR01ZV,Sediment,-1.96,0.982,0.978,0.0022,60,6,2,7.563,INC_001
N/A,CM_090_INC-5,10.58052/IEWDR01ZV,Sediment,-1.83,0.99,0.988,0.0015,60,6,2,8.367,INC_001
N/A,CM_090_INC-6,10.58052/IEWDR01ZV,Sediment,-0.83,0.883,0.864,0.002,120,8,0,8.74,INC_001
N/A,CM_091_INC-1,10.58052/IEWDR01ZW,Sediment,-6.99,0.997,0.996,0.0039,30,5,0,7.323,N/A
N/A,CM_091_INC-2,10.58052/IEWDR01ZW,Sediment,-7.48,0.955,0.933,0.019,15,4,1,7,N/A
N/A,CM_091_INC-3,10.58052/IEWDR01ZW,Sediment,-11.88,1,1,0.0019,10,3,0,6.743,N/A
N/A,CM_092_INC-1,10.58052/IEWDR01ZX,Sediment,-3.71,0.975,0.967,0.0057,30,5,1,7.257,N/A
N/A,CM_092_INC-2,10.58052/IEWDR01ZX,Sediment,-1.87,0.95,0.94,0.0032,90,7,0,7.537,N/A
N/A,CM_092_INC-3,10.58052/IEWDR01ZX,Sediment,-1.92,0.921,0.905,0.0042,90,7,0,7.613,N/A
N/A,CM_093_INC-1,10.58052/IEWDR01ZY,Sediment,-0.33,0.903,0.887,0.00073,120,8,0,9.043,N/A
N/A,CM_093_INC-2,10.58052/IEWDR01ZY,Sediment,-0.4,0.909,0.894,0.00086,120,8,0,9.117,N/A
N/A,CM_093_INC-3,10.58052/IEWDR01ZY,Sediment,-0.63,0.941,0.929,0.0012,115,7,1,-9999,N/A
N/A,CM_094_INC-1,10.58052/IEWDR01ZZ,Sediment,-3.58,0.988,0.985,0.0033,60,6,0,8.68,N/A
N/A,CM_094_INC-2,10.58052/IEWDR01ZZ,Sediment,-8.49,0.993,0.99,0.0082,15,4,2,8.507,N/A
N/A,CM_094_INC-3,10.58052/IEWDR01ZZ,Sediment,-8,0.972,0.959,0.016,15,4,2,8.203,N/A
N/A,CM_095_INC-4,10.58052/IEWDR0200,Sediment,-2.71,0.956,0.947,0.0044,90,7,0,8.777,INC_001
N/A,CM_095_INC-5,10.58052/IEWDR0200,Sediment,-2.73,0.941,0.929,0.0051,90,7,0,8.937,INC_001
N/A,CM_095_INC-6,10.58052/IEWDR0200,Sediment,-2.36,0.921,0.905,0.0051,90,7,0,8.813,INC_001
N/A,CM_096_INC-1,10.58052/IEWDR0201,Sediment,-0.7,0.974,0.969,0.00085,115,7,1,-9999,N/A
N/A,CM_096_INC-2,10.58052/IEWDR0201,Sediment,-1.04,0.971,0.963,0.0015,60,6,2,9.013,N/A
N/A,CM_096_INC-3,10.58052/IEWDR0201,Sediment,-0.65,0.963,0.956,0.00087,120,8,0,9.327,N/A
N/A,CM_097_INC-1,10.58052/IEWDR0202,Sediment,-0.1,0.937,0.927,0.00018,121,8,0,8.8,N/A
N/A,CM_097_INC-2,10.58052/IEWDR0202,Sediment,-0.14,0.902,0.886,0.00032,119,8,0,8.797,N/A
N/A,CM_097_INC-3,10.58052/IEWDR0202,Sediment,-0.07,0.656,0.598,0.00033,120,8,0,8.683,N/A
N/A,CM_098_INC-4,10.58052/IEWDR0203,Sediment,-10.14,0.922,0.883,0.035,15,4,0,7.543,INC_001
N/A,CM_098_INC-5,10.58052/IEWDR0203,Sediment,-10.32,0.964,0.947,0.023,15,4,0,7.533,INC_001
N/A,CM_098_INC-6,10.58052/IEWDR0203,Sediment,-2.14,0.933,0.92,0.0043,90,7,0,8.217,INC_001
N/A,CM_099_INC-4,10.58052/IEWDR0204,Sediment,-1.47,0.953,0.944,0.0024,90,7,1,8.39,INC_001
N/A,CM_099_INC-5,10.58052/IEWDR0204,Sediment,-1.54,0.951,0.943,0.0024,120,8,0,8.46,INC_001
N/A,CM_099_INC-6,10.58052/IEWDR0204,Sediment,-1.04,0.965,0.959,0.0014,120,8,0,8.91,INC_001
N/A,CM_100_INC-1,10.58052/IEWDR0205,Sediment,-0.59,0.985,0.98,0.00071,30,5,3,8.43,N/A
N/A,CM_100_INC-2,10.58052/IEWDR0205,Sediment,-0.7,0.991,0.989,0.00051,90,7,1,8.543,N/A
N/A,CM_100_INC-3,10.58052/IEWDR0205,Sediment,-0.33,0.95,0.942,0.00051,120,8,0,8.037,N/A
N/A,CM_101_INC-1,10.58052/IEWDR0206,Sediment,-0.6,0.964,0.958,0.00079,120,8,0,8.807,N/A
N/A,CM_101_INC-2,10.58052/IEWDR0206,Sediment,-0.94,0.988,0.985,0.00079,90,7,1,9.157,N/A
N/A,CM_101_INC-3,10.58052/IEWDR0206,Sediment,-0.47,0.904,0.888,0.001,120,8,0,8.7,N/A
N/A,CM_102_INC-1,10.58052/IEWDR0207,Sediment,-0.7,0.939,0.928,0.0012,120,8,0,9.223,N/A
N/A,CM_102_INC-2,10.58052/IEWDR0207,Sediment,-0.99,0.95,0.941,0.0016,120,8,0,9.283,N/A
N/A,CM_102_INC-3,10.58052/IEWDR0207,Sediment,-1.3,0.976,0.972,0.0015,90,7,1,9.35,N/A
N/A,CM_103_INC-1,10.58052/IEWDR0208,Sediment,-2.41,0.983,0.98,0.0023,91,7,0,8.247,N/A
N/A,CM_103_INC-2,10.58052/IEWDR0208,Sediment,-1.99,0.984,0.982,0.0017,125,8,0,8.027,N/A
N/A,CM_103_INC-3,10.58052/IEWDR0208,Sediment,-1.94,0.981,0.978,0.0018,120,8,0,8.46,N/A
N/A,CM_104_INC-1,10.58052/IEWDR0209,Sediment,-8.44,0.991,0.988,0.0077,30,5,1,9.387,N/A
N/A,CM_104_INC-2,10.58052/IEWDR0209,Sediment,-8.7,0.995,0.993,0.0072,15,4,2,9.16,N/A
N/A,CM_104_INC-3,10.58052/IEWDR0209,Sediment,-9.48,0.992,0.989,0.0084,30,5,0,8.617,N/A
N/A,CM_105_INC-1,10.58052/IEWDR020A,Sediment,-2.66,0.989,0.987,0.0021,90,7,0,8.857,N/A
N/A,CM_105_INC-2,10.58052/IEWDR020A,Sediment,-2.44,0.915,0.898,0.0055,90,7,0,8.37,N/A
N/A,CM_105_INC-3,10.58052/IEWDR020A,Sediment,-2.89,0.991,0.989,0.002,90,7,0,8.593,N/A
N/A,CM_106_INC-4,10.58052/IEWDR020B,Sediment,-1.31,0.918,0.904,0.0027,120,8,0,8.847,INC_001
N/A,CM_106_INC-5,10.58052/IEWDR020B,Sediment,-4.3,0.987,0.984,0.0041,55,6,0,8.083,INC_001
N/A,CM_106_INC-6,10.58052/IEWDR020B,Sediment,-0.65,0.965,0.958,0.00092,117,7,1,-9999,INC_001
N/A,CM_107_INC-1,10.58052/IEWDR020C,Sediment,-5.55,0.981,0.977,0.0064,60,6,0,9.41,N/A
N/A,CM_107_INC-2,10.58052/IEWDR020C,Sediment,-5.76,0.999,0.999,0.0021,25,4,2,-9999,N/A
N/A,CM_107_INC-3,10.58052/IEWDR020C,Sediment,-6.69,0.995,0.993,0.0048,30,5,1,9.413,N/A
N/A,CM_108_INC-1,10.58052/IEWDR020D,Sediment,-1.07,0.986,0.983,0.00095,90,7,1,9.167,N/A
N/A,CM_108_INC-2,10.58052/IEWDR020D,Sediment,-0.93,0.992,0.991,0.00055,120,8,0,9.073,N/A
N/A,CM_108_INC-3,10.58052/IEWDR020D,Sediment,-1.43,0.99,0.987,0.0012,60,6,2,9.253,N/A
N/A,CM_109_INC-1,10.58052/IEWDR020E,Sediment,-9.02,0.996,0.993,0.007,15,4,1,7.963,N/A
N/A,CM_109_INC-2,10.58052/IEWDR020E,Sediment,-6.4,0.944,0.925,0.015,30,5,0,7.973,N/A
N/A,CM_109_INC-3,10.58052/IEWDR020E,Sediment,-8.63,0.944,0.917,0.025,15,4,1,7.99,N/A
N/A,CM_110_INC-1,10.58052/IEWDR020F,Sediment,-14.63,0.968,0.952,0.031,15,4,0,7.507,N/A
N/A,CM_110_INC-2,10.58052/IEWDR020F,Sediment,-22.3,0.985,0.971,0.045,10,3,0,7.373,N/A
N/A,CM_110_INC-3,10.58052/IEWDR020F,Sediment,-12.48,0.944,0.916,0.036,15,4,0,7.377,N/A
N/A,CM_111_INC-1,10.58052/IEWDR020G,Sediment,-0.99,0.984,0.981,0.00094,88,7,1,8.193,N/A
N/A,CM_111_INC-2,10.58052/IEWDR020G,Sediment,-1.03,0.994,0.993,0.00061,90,7,1,8.323,N/A
N/A,CM_111_INC-3,10.58052/IEWDR020G,Sediment,-0.66,0.989,0.987,0.00051,90,7,1,7.817,N/A
N/A,CM_112_INC-1,10.58052/IEWDR020H,Sediment,-1.84,0.986,0.984,0.0015,120,8,0,8.397,N/A
N/A,CM_112_INC-2,10.58052/IEWDR020H,Sediment,-2.47,0.984,0.98,0.0026,60,6,1,8.06,N/A
N/A,CM_112_INC-3,10.58052/IEWDR020H,Sediment,-2.24,0.986,0.983,0.002,90,7,0,8.15,N/A
N/A,CM_113_INC-1,10.58052/IEWDR020I,Sediment,-23.84,1,-9999,-9999,5,2,0,6.433,N/A
N/A,CM_113_INC-2,10.58052/IEWDR020I,Sediment,-16.58,0.951,0.903,0.063,10,3,0,7.197,N/A
N/A,CM_113_INC-3,10.58052/IEWDR020I,Sediment,-14.14,0.987,0.973,0.028,10,3,0,7.077,N/A
N/A,CM_114_INC-1,10.58052/IEWDR020J,Sediment,-19.08,0.992,0.983,0.029,10,3,0,7.82,N/A
N/A,CM_114_INC-2,10.58052/IEWDR020J,Sediment,-34.32,1,-9999,-9999,5,2,0,6.623,N/A
N/A,CM_114_INC-3,10.58052/IEWDR020J,Sediment,-30.24,1,-9999,-9999,5,2,0,5.237,N/A
N/A,CM_115_INC-4,10.58052/IEWDR020K,Sediment,-2.67,0.96,0.95,0.0046,60,6,2,8.653,INC_001
N/A,CM_115_INC-5,10.58052/IEWDR020K,Sediment,-2.94,0.975,0.969,0.0039,60,6,2,8.923,INC_001
N/A,CM_115_INC-6,10.58052/IEWDR020K,Sediment,-2.79,0.967,0.961,0.0038,90,7,0,8.92,INC_001
N/A,CM_116_INC-1,10.58052/IEWDR020L,Sediment,-13.7,0.989,0.978,0.024,10,3,0,6.877,N/A
N/A,CM_116_INC-2,10.58052/IEWDR020L,Sediment,-15.2,0.834,0.667,0.11,10,3,0,7.343,N/A
N/A,CM_116_INC-3,10.58052/IEWDR020L,Sediment,-10.78,0.769,0.653,0.07,15,4,0,7.403,N/A
N/A,CM_117_INC-1,10.58052/IEWDR020M,Sediment,-1.01,0.986,0.984,0.00081,120,8,0,8.913,N/A
N/A,CM_117_INC-2,10.58052/IEWDR020M,Sediment,-0.95,0.985,0.983,0.0008,120,8,0,8.857,N/A
N/A,CM_117_INC-3,10.58052/IEWDR020M,Sediment,-1.1,0.986,0.983,0.0009,120,8,0,8.593,N/A
N/A,SSS001_INC-1,10.58052/IEWDR01R5,Sediment,-564.8,-9999,-9999,-9999,-9999,-9999,-9999,3.793,RATE_000
N/A,SSS001_INC-2,10.58052/IEWDR01R5,Sediment,-1012.4,-9999,-9999,-9999,-9999,-9999,-9999,0.063,RATE_000
N/A,SSS001_INC-3,10.58052/IEWDR01R5,Sediment,-1006.8,-9999,-9999,-9999,-9999,-9999,-9999,0.11,RATE_000
N/A,SSS002_INC-1,10.58052/IEWDR01R6,Sediment,-1.602,0.994,0.993,8.00E-04,120,8,0,8.553,N/A
N/A,SSS002_INC-2,10.58052/IEWDR01R6,Sediment,-1.505,0.962,0.956,0.002,120,8,0,8.31,N/A
N/A,SSS002_INC-3,10.58052/IEWDR01R6,Sediment,-2.019,0.993,0.992,0.0011,110,8,0,8.753,N/A
N/A,SSS003_INC-1,10.58052/IEWDR01R7,Sediment,-9.816,0.986,0.98,0.0136,15,4,0,7.173,N/A
N/A,SSS003_INC-2,10.58052/IEWDR01R7,Sediment,-8.296,0.977,0.966,0.0149,15,4,0,7.137,N/A
N/A,SSS003_INC-3,10.58052/IEWDR01R7,Sediment,-17.767,1,-9999,-9999,6,2,0,6.207,N/A
N/A,SSS004_INC-1,10.58052/IEWDR01R8,Sediment,-772.4,-9999,-9999,-9999,-9999,-9999,-9999,2.063,RATE_000
N/A,SSS004_INC-2,10.58052/IEWDR01R8,Sediment,-761.6,-9999,-9999,-9999,-9999,-9999,-9999,2.153,RATE_000
N/A,SSS004_INC-3,10.58052/IEWDR01R8,Sediment,-822.8,-9999,-9999,-9999,-9999,-9999,-9999,1.643,RATE_000
N/A,SSS005_INC-1,10.58052/IEWDR01R9,Sediment,-1.248,0.995,0.994,6.00E-04,120,8,0,8.467,N/A
N/A,SSS005_INC-2,10.58052/IEWDR01R9,Sediment,-1.088,0.992,0.99,7.00E-04,120,8,0,8.88,N/A
N/A,SSS005_INC-3,10.58052/IEWDR01R9,Sediment,-1.076,0.987,0.985,8.00E-04,120,8,0,8.51,N/A
N/A,SSS006_INC-1,10.58052/IEWDR01RA,Sediment,-15.12,1,-9999,-9999,5,2,0,5.22,N/A
N/A,SSS006_INC-2,10.58052/IEWDR01RA,Sediment,-14.96,1,-9999,-9999,5,2,0,6.083,N/A
N/A,SSS006_INC-3,10.58052/IEWDR01RA,Sediment,-24.04,1,-9999,-9999,5,2,0,5.573,N/A
N/A,SSS007_INC-1,10.58052/IEWDR01RB,Sediment,-1.532,0.986,0.984,0.0012,120,8,0,8.89,N/A
N/A,SSS007_INC-2,10.58052/IEWDR01RB,Sediment,-0.862,0.969,0.963,0.0011,120,8,0,8.26,N/A
N/A,SSS007_INC-3,10.58052/IEWDR01RB,Sediment,-2.136,0.997,0.997,9.00E-04,90,7,0,9.07,INC_QA_002; VB_INC_001
N/A,SSS008_INC-1,10.58052/IEWDR01RC,Sediment,-954.4,-9999,-9999,-9999,-9999,-9999,-9999,0.547,RATE_000
N/A,SSS008_INC-2,10.58052/IEWDR01RC,Sediment,-1016,-9999,-9999,-9999,-9999,-9999,-9999,0.033,RATE_000
N/A,SSS008_INC-3,10.58052/IEWDR01RC,Sediment,-992,-9999,-9999,-9999,-9999,-9999,-9999,0.233,RATE_000
N/A,SSS009_INC-1,10.58052/IEWDR01RD,Sediment,-0.553,0.978,0.974,6.00E-04,97,7,1,8.717,N/A
N/A,SSS009_INC-2,10.58052/IEWDR01RD,Sediment,-0.612,0.932,0.915,0.0014,60,6,2,8.09,N/A
N/A,SSS009_INC-3,10.58052/IEWDR01RD,Sediment,-0.811,0.992,0.991,6.00E-04,62,6,2,8.777,N/A
N/A,SSS010_INC-1,10.58052/IEWDR01RE,Sediment,-1.122,0.992,0.991,7.00E-04,120,8,0,8.293,N/A
N/A,SSS010_INC-2,10.58052/IEWDR01RE,Sediment,-1.213,0.997,0.996,5.00E-04,120,8,0,8.59,N/A
N/A,SSS010_INC-3,10.58052/IEWDR01RE,Sediment,-1.173,0.989,0.987,9.00E-04,120,8,0,8.173,N/A
N/A,SSS011_INC-1,10.58052/IEWDR01RF,Sediment,-3.061,0.975,0.968,0.0041,60,6,0,7.773,N/A
N/A,SSS011_INC-2,10.58052/IEWDR01RF,Sediment,-2.677,0.986,0.983,0.0024,90,7,0,8.117,N/A
N/A,SSS011_INC-3,10.58052/IEWDR01RF,Sediment,-2.925,0.996,0.996,0.0013,90,7,0,7.867,N/A
N/A,SSS012_INC-1,10.58052/IEWDR01RG,Sediment,-9.209,0.999,0.999,0.0032,17,4,0,6.617,N/A
N/A,SSS012_INC-2,10.58052/IEWDR01RG,Sediment,-14.386,0.907,0.875,0.0444,30,5,0,6.887,N/A
N/A,SSS012_INC-3,10.58052/IEWDR01RG,Sediment,-3.352,0.981,0.972,0.0055,15,4,1,7.407,N/A
N/A,SSS013_INC-1,10.58052/IEWDR01RH,Sediment,-4.624,0.999,0.999,0.0015,15,4,3,8.35,N/A
N/A,SSS013_INC-2,10.58052/IEWDR01RH,Sediment,-3.436,0.996,0.995,0.0019,60,6,0,7.857,N/A
N/A,SSS013_INC-3,10.58052/IEWDR01RH,Sediment,-3.492,0.943,0.929,0.0071,51,6,0,7.773,N/A
N/A,SSS014_INC-1,10.58052/IEWDR01RI,Sediment,-411.6,-9999,-9999,-9999,-9999,-9999,-9999,5.07,RATE_000; RATE_001
N/A,SSS014_INC-2,10.58052/IEWDR01RI,Sediment,-983.2,-9999,-9999,-9999,-9999,-9999,-9999,0.307,RATE_000
N/A,SSS014_INC-3,10.58052/IEWDR01RI,Sediment,-827.2,-9999,-9999,-9999,-9999,-9999,-9999,1.607,RATE_000
N/A,SSS015_INC-1,10.58052/IEWDR01RJ,Sediment,-3.863,0.772,0.695,0.0202,46,5,0,7.773,N/A
N/A,SSS015_INC-2,10.58052/IEWDR01RJ,Sediment,-6.866,0.996,0.994,0.0049,25,4,0,7.403,N/A
N/A,SSS015_INC-3,10.58052/IEWDR01RJ,Sediment,-7.177,0.995,0.993,0.005,30,5,0,7.733,N/A
N/A,SSS016_INC-1,10.58052/IEWDR01RK,Sediment,-32.76,1,-9999,-9999,5,2,0,6.03,N/A
N/A,SSS016_INC-2,10.58052/IEWDR01RK,Sediment,-9999,1,-9999,-9999,5,2,0,4.297,RATE_002
N/A,SSS016_INC-3,10.58052/IEWDR01RK,Sediment,-18.64,1,-9999,-9999,5,2,0,5.647,N/A
N/A,SSS017_INC-1,10.58052/IEWDR01RL,Sediment,-1.407,0.934,0.923,0.0025,120,8,0,8.35,N/A
N/A,SSS017_INC-2,10.58052/IEWDR01RL,Sediment,-1.505,0.989,0.988,0.0011,120,8,0,8.8,N/A
N/A,SSS017_INC-3,10.58052/IEWDR01RL,Sediment,-1.346,0.972,0.967,0.0016,120,8,0,8.36,N/A
N/A,SSS018_INC-1,10.58052/IEWDR01RM,Sediment,-0.506,0.992,0.99,3.00E-04,120,8,0,8.19,N/A
N/A,SSS018_INC-2,10.58052/IEWDR01RM,Sediment,-1.596,0.972,0.967,0.0018,121,8,0,9.11,N/A
N/A,SSS018_INC-3,10.58052/IEWDR01RM,Sediment,-0.388,0.964,0.958,5.00E-04,120,8,0,7.83,N/A
N/A,SSS019_INC-1,10.58052/IEWDR01RN,Sediment,-2.874,0.932,0.915,0.0065,60,6,0,7.977,N/A
N/A,SSS019_INC-2,10.58052/IEWDR01RN,Sediment,-5.144,0.985,0.981,0.0053,60,6,0,7.657,N/A
N/A,SSS019_INC-3,10.58052/IEWDR01RN,Sediment,-6.889,0.967,0.958,0.0107,60,6,0,8.3,N/A
N/A,SSS020_INC-1,10.58052/IEWDR01RO,Sediment,-26.06,0.983,0.965,0.0579,10,3,0,7.547,N/A
N/A,SSS020_INC-2,10.58052/IEWDR01RO,Sediment,-8.84,1,-9999,-9999,5,2,0,5.277,N/A
N/A,SSS020_INC-3,10.58052/IEWDR01RO,Sediment,-23.28,1,-9999,-9999,5,2,0,6.49,N/A
N/A,SSS021_INC-1,10.58052/IEWDR01RP,Sediment,-1.293,0.793,0.758,0.0045,123,8,0,8.73,N/A
N/A,SSS021_INC-2,10.58052/IEWDR01RP,Sediment,-2.962,0.983,0.979,0.0032,60,6,0,7.81,N/A
N/A,SSS021_INC-3,10.58052/IEWDR01RP,Sediment,-3.749,0.972,0.965,0.0053,60,6,0,8.29,N/A
N/A,SSS022_INC-1,10.58052/IEWDR01RQ,Sediment,-0.884,0.996,0.995,4.00E-04,120,8,0,8.503,N/A
N/A,SSS022_INC-2,10.58052/IEWDR01RQ,Sediment,-0.988,0.99,0.988,8.00E-04,90,7,1,8.287,N/A
N/A,SSS022_INC-3,10.58052/IEWDR01RQ,Sediment,-0.733,0.996,0.995,3.00E-04,102,7,1,8.64,N/A
N/A,SSS023_INC-1,10.58052/IEWDR01RR,Sediment,-787.2,-9999,-9999,-9999,-9999,-9999,-9999,1.94,RATE_000
N/A,SSS023_INC-2,10.58052/IEWDR01RR,Sediment,-829.2,-9999,-9999,-9999,-9999,-9999,-9999,1.59,RATE_000
N/A,SSS023_INC-3,10.58052/IEWDR01RR,Sediment,-449.6,-9999,-9999,-9999,-9999,-9999,-9999,4.753,RATE_000
N/A,SSS024_INC-1,10.58052/IEWDR01RS,Sediment,-464.8,-9999,-9999,-9999,-9999,-9999,-9999,4.627,RATE_000
N/A,SSS024_INC-2,10.58052/IEWDR01RS,Sediment,-554.4,-9999,-9999,-9999,-9999,-9999,-9999,3.88,RATE_000
N/A,SSS024_INC-3,10.58052/IEWDR01RS,Sediment,-448,-9999,-9999,-9999,-9999,-9999,-9999,4.767,RATE_000
N/A,SSS025_INC-1,10.58052/IEWDR01RT,Sediment,-9999,-9999,-9999,-9999,-9999,-9999,-9999,0.007,RATE_000
N/A,SSS025_INC-2,10.58052/IEWDR01RT,Sediment,-1000.8,-9999,-9999,-9999,-9999,-9999,-9999,0.16,RATE_000
N/A,SSS025_INC-3,10.58052/IEWDR01RT,Sediment,-1016,-9999,-9999,-9999,-9999,-9999,-9999,0.033,RATE_000
N/A,SSS026_INC-1,10.58052/IEWDR01RU,Sediment,-847.2,-9999,-9999,-9999,-9999,-9999,-9999,1.44,RATE_000
N/A,SSS026_INC-2,10.58052/IEWDR01RU,Sediment,-848,-9999,-9999,-9999,-9999,-9999,-9999,1.433,RATE_000
N/A,SSS026_INC-3,10.58052/IEWDR01RU,Sediment,-642.4,-9999,-9999,-9999,-9999,-9999,-9999,3.147,RATE_000
N/A,SSS027_INC-1,10.58052/IEWDR01RV,Sediment,-4.6,0.993,0.99,0.0038,30,5,1,7.643,N/A
N/A,SSS027_INC-2,10.58052/IEWDR01RV,Sediment,-4.832,0.995,0.994,0.0028,62,6,0,8.073,N/A
N/A,SSS027_INC-3,10.58052/IEWDR01RV,Sediment,-5.351,0.995,0.993,0.0036,30,5,0,7.633,N/A
N/A,SSS028_INC-1,10.58052/IEWDR01RW,Sediment,-6.192,0.992,0.99,0.0052,30,5,1,8.277,N/A
N/A,SSS028_INC-2,10.58052/IEWDR01RW,Sediment,-4.266,0.99,0.986,0.0042,30,5,1,7.83,N/A
N/A,SSS028_INC-3,10.58052/IEWDR01RW,Sediment,-4.377,0.999,0.998,0.0013,60,6,0,8.28,N/A
N/A,SSS029_INC-1,10.58052/IEWDR01RX,Sediment,-11.816,0.966,0.949,0.0261,15,4,0,6.78,N/A
N/A,SSS029_INC-2,10.58052/IEWDR01RX,Sediment,-8.064,0.978,0.967,0.0142,15,4,1,7.257,N/A
N/A,SSS029_INC-3,10.58052/IEWDR01RX,Sediment,-13.396,0.978,0.967,0.0237,15,4,0,7.26,N/A
N/A,SSS030_INC-1,10.58052/IEWDR01RY,Sediment,-3.874,0.913,0.895,0.0089,91,7,0,8.54,N/A
N/A,SSS030_INC-2,10.58052/IEWDR01RY,Sediment,-2.577,0.998,0.997,0.0011,60,6,1,8.273,N/A
N/A,SSS030_INC-3,10.58052/IEWDR01RY,Sediment,-3.922,0.991,0.988,0.0036,30,5,2,8.79,N/A
N/A,SSS031_INC-1,10.58052/IEWDR01RZ,Sediment,-1.643,0.996,0.995,8.00E-04,90,7,1,8.91,N/A
N/A,SSS031_INC-2,10.58052/IEWDR01RZ,Sediment,-0.64,0.94,0.93,0.0011,120,8,0,8.177,N/A
N/A,SSS031_INC-3,10.58052/IEWDR01RZ,Sediment,-1.351,0.997,0.997,6.00E-04,60,6,2,9.287,N/A
N/A,SSS032_INC-1,10.58052/IEWDR01S0,Sediment,-1.094,0.966,0.96,0.0014,120,8,0,7.99,N/A
N/A,SSS032_INC-2,10.58052/IEWDR01S0,Sediment,-1.023,0.969,0.963,0.0013,120,8,0,8.497,N/A
N/A,SSS032_INC-3,10.58052/IEWDR01S0,Sediment,-0.928,0.934,0.918,0.0021,60,6,2,7.8,N/A
N/A,SSS033_INC-1,10.58052/IEWDR01S1,Sediment,-1.43,0.99,0.988,1.00E-03,120,8,0,8.067,N/A
N/A,SSS033_INC-2,10.58052/IEWDR01S1,Sediment,-1.883,0.996,0.995,9.00E-04,121,8,0,8.957,N/A
N/A,SSS033_INC-3,10.58052/IEWDR01S1,Sediment,-1.426,0.99,0.988,1.00E-03,120,8,0,8.05,N/A
N/A,SSS034_INC-1,10.58052/IEWDR01S2,Sediment,-1.204,0.984,0.98,0.0012,90,7,1,8.377,N/A
N/A,SSS034_INC-2,10.58052/IEWDR01S2,Sediment,-1.153,0.945,0.926,0.0027,30,5,3,8.44,N/A
N/A,SSS034_INC-3,10.58052/IEWDR01S2,Sediment,-1.119,0.99,0.988,8.00E-04,120,8,0,8.183,N/A
N/A,SSS035_INC-1,10.58052/IEWDR01S3,Sediment,-1.46,0.941,0.931,0.0025,120,8,0,9.16,N/A
N/A,SSS035_INC-2,10.58052/IEWDR01S3,Sediment,-1.362,0.994,0.993,7.00E-04,120,8,0,8.41,N/A
N/A,SSS035_INC-3,10.58052/IEWDR01S3,Sediment,-1.12,0.914,0.899,0.0023,120,8,0,8.407,N/A
N/A,SSS036_INC-1,10.58052/IEWDR01S4,Sediment,-12.36,0.888,0.776,0.0731,10,3,0,6.723,N/A
N/A,SSS036_INC-2,10.58052/IEWDR01S4,Sediment,-13.02,0.902,0.805,0.0714,10,3,0,7.02,N/A
N/A,SSS036_INC-3,10.58052/IEWDR01S4,Sediment,-15.344,0.961,0.941,0.0366,15,4,0,7.497,N/A
N/A,SSS037_INC-1,10.58052/IEWDR01S5,Sediment,-3.764,0.996,0.993,0.0029,15,4,1,7.973,N/A
N/A,SSS037_INC-2,10.58052/IEWDR01S5,Sediment,-5.515,0.998,0.997,0.0022,60,6,0,8.217,N/A
N/A,SSS037_INC-3,10.58052/IEWDR01S5,Sediment,-2.957,0.986,0.983,0.0029,60,6,1,8.167,N/A
N/A,SSS038_INC-1,10.58052/IEWDR01S6,Sediment,-2.625,0.986,0.983,0.0023,89,7,0,8.023,N/A
N/A,SSS038_INC-2,10.58052/IEWDR01S6,Sediment,-3.112,0.99,0.988,0.0026,60,6,0,7.73,N/A
N/A,SSS038_INC-3,10.58052/IEWDR01S6,Sediment,-4.078,0.999,0.999,0.0012,29,5,1,7.727,N/A
N/A,SSS039_INC-1,10.58052/IEWDR01S7,Sediment,-2.104,0.996,0.995,9.00E-04,120,8,0,8.41,N/A
N/A,SSS039_INC-2,10.58052/IEWDR01S7,Sediment,-2.868,0.957,0.946,0.0051,75,7,0,8.257,N/A
N/A,SSS039_INC-3,10.58052/IEWDR01S7,Sediment,-1.91,0.976,0.971,0.0021,120,8,0,8.173,N/A
N/A,SSS040_INC-1,10.58052/IEWDR01S8,Sediment,-2.494,0.995,0.995,0.0013,90,7,0,8.603,N/A
N/A,SSS040_INC-2,10.58052/IEWDR01S8,Sediment,-1.668,0.974,0.969,0.0019,120,8,0,7.973,N/A
N/A,SSS040_INC-3,10.58052/IEWDR01S8,Sediment,-1.474,0.966,0.96,0.0019,120,8,0,8.943,N/A
N/A,SSS041_INC-1,10.58052/IEWDR01S9,Sediment,-3.719,0.993,0.991,0.0027,60,6,0,7.867,N/A
N/A,SSS041_INC-2,10.58052/IEWDR01S9,Sediment,-4.562,0.963,0.95,0.0086,30,5,2,8.267,N/A
N/A,SSS041_INC-3,10.58052/IEWDR01S9,Sediment,-2.73,0.924,0.905,0.0065,60,6,0,7.793,N/A
N/A,SSS042_INC-1,10.58052/IEWDR01SA,Sediment,-1.372,0.993,0.992,9.00E-04,90,7,1,8.123,N/A
N/A,SSS042_INC-2,10.58052/IEWDR01SA,Sediment,-1.596,0.979,0.975,0.0017,90,7,1,8.95,N/A
N/A,SSS042_INC-3,10.58052/IEWDR01SA,Sediment,-1.036,0.968,0.96,0.0016,60,6,2,8.227,N/A
N/A,SSS043_INC-1,10.58052/IEWDR01SB,Sediment,-1.866,0.982,0.978,0.0019,90,7,1,7.85,N/A
N/A,SSS043_INC-2,10.58052/IEWDR01SB,Sediment,-2.046,0.989,0.986,0.0018,60,6,2,8.75,N/A
N/A,SSS043_INC-3,10.58052/IEWDR01SB,Sediment,-1.334,0.847,0.822,0.0039,120,8,0,7.937,N/A
N/A,SSS044_INC-1,10.58052/IEWDR01SC,Sediment,-2.289,0.953,0.943,0.0038,90,7,0,8.33,N/A
N/A,SSS044_INC-2,10.58052/IEWDR01SC,Sediment,-1.993,0.988,0.986,0.0016,90,7,0,7.877,N/A
N/A,SSS044_INC-3,10.58052/IEWDR01SC,Sediment,-1.696,0.983,0.98,0.0015,120,8,0,8.457,N/A
N/A,SSS045_INC-1,10.58052/IEWDR01SD,Sediment,-1.764,0.993,0.992,0.0012,60,6,1,7.953,N/A
N/A,SSS045_INC-2,10.58052/IEWDR01SD,Sediment,-2.348,0.985,0.982,0.0021,102,7,0,8.927,N/A
N/A,SSS045_INC-3,10.58052/IEWDR01SD,Sediment,-1.905,0.983,0.981,0.0017,120,8,0,8.07,N/A
N/A,SSS046_INC-1,10.58052/IEWDR01SE,Sediment,-5.709,0.999,0.998,0.0019,30,5,1,8.223,N/A
N/A,SSS046_INC-2,10.58052/IEWDR01SE,Sediment,-13.72,0.856,0.784,0.0663,15,4,0,7.44,N/A
N/A,SSS046_INC-3,10.58052/IEWDR01SE,Sediment,-6.421,0.675,0.566,0.0429,29,5,0,7.8,N/A
N/A,SSS047_INC-1,10.58052/IEWDR01SF,Sediment,-15.28,1,-9999,-9999,5,2,0,5.587,N/A
N/A,SSS047_INC-2,10.58052/IEWDR01SF,Sediment,-38.28,1,-9999,-9999,5,2,0,5.007,N/A
N/A,SSS047_INC-3,10.58052/IEWDR01SF,Sediment,-15.44,1,-9999,-9999,5,2,0,6.327,N/A
N/A,SSS048_INC-1,10.58052/IEWDR01SG,Sediment,-3.007,0.961,0.951,0.0051,60,6,1,8.36,N/A
N/A,SSS048_INC-2,10.58052/IEWDR01SG,Sediment,-2.828,0.988,0.986,0.0023,90,7,0,8.267,N/A
N/A,SSS048_INC-3,10.58052/IEWDR01SG,Sediment,-2.345,0.986,0.983,0.0021,100,7,0,8.393,N/A
#End_Data,,,,,,,,,,,,
