#Columns,17,,,,,,,,,,,,,,,,
#Header_Rows,12,,,,,,,,,,,,,,,,
Field_Name,Sample_Name,IGSN,Material,NH4_mg_per_L_as_NH4,71870_Br_mg_per_L,00915_Ca_mg_per_L,00940_Cl_mg_per_L,00950_F_mg_per_L,01130_Li_mg_per_L,00925_Mg_mg_per_L,71851_NO3_mg_per_L_as_NO3,71856_NO2_mg_per_L_as_NO2,00653_PO4_mg_per_L_as_PO4,00935_K_mg_per_L,00930_Na_mg_per_L,00945_SO4_mg_per_L_as_SO4,Methods_Deviation
Unit,N/A,N/A,N/A,milligrams_per_liter,milligrams_per_liter,milligrams_per_liter,milligrams_per_liter,milligrams_per_liter,milligrams_per_liter,milligrams_per_liter,milligrams_per_liter,milligrams_per_liter,milligrams_per_liter,milligrams_per_liter,milligrams_per_liter,milligrams_per_liter,N/A
Unit_Basis,N/A,N/A,N/A,as_Ammonium,as_Bromide,as_Calcium,as_Chloride,as_Fluoride,as_Lithium,as_Magnesium,as_Nitrate,as_Nitrite,as_Phosphate,as_Potassium,as_Sodium,as_Sulfate,N/A
MethodID_Analysis,N/A,N/A,N/A,ION_T_AN_005,ION_T_AN_005,ION_T_AN_005,ION_T_AN_005,ION_T_AN_005,ION_T_AN_005,ION_T_AN_005,ION_T_AN_005,ION_T_AN_005,ION_T_AN_005,ION_T_AN_005,ION_T_AN_005,ION_T_AN_005,N/A
MethodID_Inspection,N/A,N/A,N/A,ION_T_IN_005,ION_T_IN_005,ION_T_IN_005,ION_T_IN_005,ION_T_IN_005,ION_T_IN_005,ION_T_IN_005,ION_T_IN_005,ION_T_IN_005,ION_T_IN_005,ION_T_IN_005,ION_T_IN_005,ION_T_IN_005,N/A
MethodID_Storage,N/A,N/A,N/A,ION_T_ST_005,ION_T_ST_005,ION_T_ST_005,ION_T_ST_005,ION_T_ST_005,ION_T_ST_005,ION_T_ST_005,ION_T_ST_005,ION_T_ST_005,ION_T_ST_005,ION_T_ST_005,ION_T_ST_005,ION_T_ST_005,N/A
MethodID_Preservation,N/A,N/A,N/A,ION_T_PRES_005,ION_T_PRES_005,ION_T_PRES_005,ION_T_PRES_005,ION_T_PRES_005,ION_T_PRES_005,ION_T_PRES_005,ION_T_PRES_005,ION_T_PRES_005,ION_T_PRES_005,ION_T_PRES_005,ION_T_PRES_005,ION_T_PRES_005,N/A
MethodID_Preparation,N/A,N/A,N/A,ION_T_PREP_005,ION_T_PREP_005,ION_T_PREP_005,ION_T_PREP_005,ION_T_PREP_005,ION_T_PREP_005,ION_T_PREP_005,ION_T_PREP_005,ION_T_PREP_005,ION_T_PREP_005,ION_T_PREP_005,ION_T_PREP_005,ION_T_PREP_005,N/A
MethodID_DataProcessing,N/A,N/A,N/A,ION_T_DP_005,ION_T_DP_005,ION_T_DP_005,ION_T_DP_005,ION_T_DP_005,ION_T_DP_005,ION_T_DP_005,ION_T_DP_005,ION_T_DP_005,ION_T_DP_005,ION_T_DP_005,ION_T_DP_005,ION_T_DP_005,N/A
Analysis_DetectionLimit,-9999,-9999,-9999,0.13,0.05,0.77,0.03,0.01,0.16,0.65,0.04,0.08,0.23,0.14,0.1,0.04,N/A
Analysis_Precision,-9999,-9999,-9999,-9999,-9999,-9999,-9999,-9999,-9999,-9999,-9999,-9999,-9999,-9999,-9999,-9999,N/A
Data_Status,N/A,N/A,N/A,ready_to_use,ready_to_use,ready_to_use,ready_to_use,ready_to_use,ready_to_use,ready_to_use,ready_to_use,ready_to_use,ready_to_use,ready_to_use,ready_to_use,ready_to_use,N/A
#Start_Data,SSS001_WIN-1,10.58052/IEWDR01MH,Liquid>aqueous,Ammonium_Below_0.13_ppm_LOD|0.02_Raw_Not_Corrected|0.02_ppm_Final_Corrected,-9999,6.393,0.904,0.073,-9999,2.683,Nitrate_Below_0.04_ppm_LOD|0.02_Raw_Not_Corrected|0.02_ppm_Final_Corrected,-9999,-9999,1.086,3.348,0.475,DTL_003
N/A,SSS001_WIN-2,10.58052/IEWDR01MH,Liquid>aqueous,Ammonium_Below_0.13_ppm_LOD|0.02_Raw_Not_Corrected|0.02_ppm_Final_Corrected,-9999,4.968,1.079,0.074,-9999,3.258,Nitrate_Below_0.04_ppm_LOD|0.02_Raw_Not_Corrected|0.02_ppm_Final_Corrected,-9999,-9999,1.264,4.127,0.522,DTL_003
N/A,SSS001_WIN-3,10.58052/IEWDR01MH,Liquid>aqueous,Ammonium_Below_0.13_ppm_LOD|0.02_Raw_Not_Corrected|0.02_ppm_Final_Corrected,-9999,5.512,1.074,0.072,-9999,3.146,Nitrate_Below_0.04_ppm_LOD|0.02_Raw_Not_Corrected|0.02_ppm_Final_Corrected,-9999,-9999,1.249,4.136,0.568,DTL_003
N/A,SSS002_WIN-1,10.58052/IEWDR01MI,Liquid>aqueous,Ammonium_Below_0.13_ppm_LOD|0.02_Raw_Not_Corrected|0.02_ppm_Final_Corrected,-9999,4.859,1.152,0.078,-9999,2.345,Nitrate_Below_0.04_ppm_LOD|0.02_Raw_Not_Corrected|0.02_ppm_Final_Corrected,-9999,-9999,1.248,3.866,0.368,DTL_003
N/A,SSS002_WIN-2,10.58052/IEWDR01MI,Liquid>aqueous,Ammonium_Below_0.13_ppm_LOD|0.02_Raw_Not_Corrected|0.02_ppm_Final_Corrected,-9999,5.206,1.199,0.068,-9999,2.93,Nitrate_Below_0.04_ppm_LOD|0.03_Raw_Not_Corrected|0.03_ppm_Final_Corrected,-9999,-9999,1.288,4.326,0.442,DTL_003
N/A,SSS002_WIN-3,10.58052/IEWDR01MI,Liquid>aqueous,Ammonium_Below_0.13_ppm_LOD|0.02_Raw_Not_Corrected|0.02_ppm_Final_Corrected,Bromide_Below_0.05_ppm_LOD|0.04_Raw_Not_Corrected|0.04_ppm_Final_Corrected,5.929,1.253,0.07,-9999,2.804,Nitrate_Below_0.04_ppm_LOD|0.03_Raw_Not_Corrected|0.03_ppm_Final_Corrected,-9999,-9999,1.318,4.391,0.451,DTL_003
N/A,SSS003_WIN-1,10.58052/IEWDR01MJ,Liquid>aqueous,Ammonium_Below_0.13_ppm_LOD|0.03_Raw_Not_Corrected|0.03_ppm_Final_Corrected,-9999,4.424,0.547,0.077,-9999,2.837,Nitrate_Below_0.04_ppm_LOD|0.02_Raw_Not_Corrected|0.02_ppm_Final_Corrected,-9999,-9999,0.766,3.503,0.281,NH4_CV_030; SO4_CV_30; DTL_003
N/A,SSS003_WIN-2,10.58052/IEWDR01MJ,Liquid>aqueous,Ammonium_Above_1.25_ppm_Standard|2.47_Raw_Not_Corrected|2.47_ppm_Final_Corrected,-9999,5.98,0.625,0.104,-9999,3.826,Nitrate_Below_0.04_ppm_LOD|0.03_Raw_Not_Corrected|0.03_ppm_Final_Corrected,-9999,Phosphate_Below_0.23_ppm_LOD|0.1_Raw_Not_Corrected|0.1_ppm_Final_Corrected,0.855,4.274,9.254,NH4_CV_030; SO4_CV_30; DTL_003
N/A,SSS003_WIN-3,10.58052/IEWDR01MJ,Liquid>aqueous,Ammonium_Below_0.13_ppm_LOD|0.01_Raw_Not_Corrected|0.01_ppm_Final_Corrected,-9999,4.844,0.537,0.081,-9999,3.364,Nitrate_Below_0.04_ppm_LOD|0.02_Raw_Not_Corrected|0.02_ppm_Final_Corrected,-9999,Phosphate_Below_0.23_ppm_LOD|0.07_Raw_Not_Corrected|0.07_ppm_Final_Corrected,0.709,3.533,0.281,NH4_CV_030; SO4_CV_30; DTL_003
N/A,SSS004_WIN-1,10.58052/IEWDR01MK,Liquid>aqueous,Ammonium_Below_0.13_ppm_LOD|0.03_Raw_Not_Corrected|0.03_ppm_Final_Corrected,-9999,7.365,0.708,0.089,-9999,3.817,Nitrate_Below_0.04_ppm_LOD|0.01_Raw_Not_Corrected|0.01_ppm_Final_Corrected,-9999,Phosphate_Below_0.23_ppm_LOD|0.1_Raw_Not_Corrected|0.1_ppm_Final_Corrected,2.087,3.742,1.447,NO3_CV_030; DTL_003
N/A,SSS004_WIN-2,10.58052/IEWDR01MK,Liquid>aqueous,Ammonium_Below_0.13_ppm_LOD|0.03_Raw_Not_Corrected|0.03_ppm_Final_Corrected,-9999,8.293,0.788,0.116,-9999,4.445,Nitrate_Below_0.04_ppm_LOD|0.01_Raw_Not_Corrected|0.01_ppm_Final_Corrected,-9999,Phosphate_Below_0.23_ppm_LOD|0.14_Raw_Not_Corrected|0.14_ppm_Final_Corrected,2.255,4.157,1.752,NO3_CV_030; DTL_003
N/A,SSS004_WIN-3,10.58052/IEWDR01MK,Liquid>aqueous,Ammonium_Below_0.13_ppm_LOD|0.02_Raw_Not_Corrected|0.02_ppm_Final_Corrected,-9999,8.295,0.812,0.091,-9999,4.654,Nitrate_Below_0.04_ppm_LOD|0.01_Raw_Not_Corrected|0.01_ppm_Final_Corrected,-9999,Phosphate_Below_0.23_ppm_LOD|0.14_Raw_Not_Corrected|0.14_ppm_Final_Corrected,2.358,4.336,1.766,NO3_CV_030; DTL_003
N/A,SSS005_WIN-1,10.58052/IEWDR01ML,Liquid>aqueous,0.146,-9999,4.859,1.746,0.058,-9999,2.805,0.45,-9999,-9999,0.499,2.549,1.561,NH4_CV_030
N/A,SSS005_WIN-2,10.58052/IEWDR01ML,Liquid>aqueous,Ammonium_Below_0.13_ppm_LOD|0.01_Raw_Not_Corrected|0.01_ppm_Final_Corrected,-9999,5.817,1.654,0.051,-9999,2.607,0.417,-9999,-9999,0.496,2.482,1.412,NH4_CV_030; DTL_003
N/A,SSS005_WIN-3,10.58052/IEWDR01ML,Liquid>aqueous,Ammonium_Below_0.13_ppm_LOD|0.02_Raw_Not_Corrected|0.02_ppm_Final_Corrected,-9999,5.242,1.536,0.051,-9999,2.035,0.391,-9999,-9999,0.465,2.24,1.162,NH4_CV_030; DTL_003
N/A,SSS006_WIN-1,10.58052/IEWDR01MM,Liquid>aqueous,Ammonium_Below_0.13_ppm_LOD|0.03_Raw_Not_Corrected|0.03_ppm_Final_Corrected,-9999,9.991,5.88,0.124,-9999,9.806,2.011,-9999,Phosphate_Below_0.23_ppm_LOD|0.21_Raw_Not_Corrected|0.21_ppm_Final_Corrected,3.658,11.728,10.939,NH4_CV_030; DTL_003
N/A,SSS006_WIN-2,10.58052/IEWDR01MM,Liquid>aqueous,Ammonium_Below_0.13_ppm_LOD|0.03_Raw_Not_Corrected|0.03_ppm_Final_Corrected,-9999,12.422,6.171,0.124,-9999,11.507,2.156,-9999,Phosphate_Below_0.23_ppm_LOD|0.18_Raw_Not_Corrected|0.18_ppm_Final_Corrected,3.849,12.808,12.396,NH4_CV_030; DTL_003
N/A,SSS006_WIN-3,10.58052/IEWDR01MM,Liquid>aqueous,Ammonium_Below_0.13_ppm_LOD|0.1_Raw_Not_Corrected|0.1_ppm_Final_Corrected,-9999,11.58,6.26,0.145,-9999,12.654,2.173,-9999,Phosphate_Below_0.23_ppm_LOD|0.21_Raw_Not_Corrected|0.21_ppm_Final_Corrected,3.901,13.322,12.875,NH4_CV_030; DTL_003
N/A,SSS007_WIN-1,10.58052/IEWDR01MN,Liquid>aqueous,-9999,-9999,8.111,1.383,0.06,-9999,2.51,Nitrate_Below_0.04_ppm_LOD|0_Raw_Not_Corrected|0_ppm_Final_Corrected,-9999,-9999,0.448,6.38,3.278,NO3_CV_030; DTL_003
N/A,SSS007_WIN-2,10.58052/IEWDR01MN,Liquid>aqueous,Ammonium_Below_0.13_ppm_LOD|0.03_Raw_Not_Corrected|0.03_ppm_Final_Corrected,-9999,8.953,1.38,0.044,-9999,2.487,Nitrate_Below_0.04_ppm_LOD|0_Raw_Not_Corrected|0_ppm_Final_Corrected,-9999,-9999,0.442,6.409,3.389,NO3_CV_030; DTL_003
N/A,SSS007_WIN-3,10.58052/IEWDR01MN,Liquid>aqueous,-9999,-9999,8.611,1.378,0.059,-9999,2.527,Nitrate_Below_0.04_ppm_LOD|0.01_Raw_Not_Corrected|0.01_ppm_Final_Corrected,-9999,-9999,0.447,6.381,3.282,NO3_CV_030; DTL_003
N/A,SSS008_WIN-1,10.58052/IEWDR01MO,Liquid>aqueous,Ammonium_Below_0.13_ppm_LOD|0.08_Raw_Not_Corrected|0.08_ppm_Final_Corrected,-9999,6.371,2.115,0.101,-9999,3.096,-9999,-9999,Phosphate_Below_0.23_ppm_LOD|0.1_Raw_Not_Corrected|0.1_ppm_Final_Corrected,1.755,8.484,1.701,NH4_CV_030; DTL_003
N/A,SSS008_WIN-2,10.58052/IEWDR01MO,Liquid>aqueous,Ammonium_Below_0.13_ppm_LOD|0.08_Raw_Not_Corrected|0.08_ppm_Final_Corrected,-9999,6.624,2.206,0.111,-9999,3.204,-9999,-9999,Phosphate_Below_0.23_ppm_LOD|0.09_Raw_Not_Corrected|0.09_ppm_Final_Corrected,1.776,8.834,1.828,NH4_CV_030; DTL_003
N/A,SSS008_WIN-3,10.58052/IEWDR01MO,Liquid>aqueous,Ammonium_Below_0.13_ppm_LOD|0.01_Raw_Not_Corrected|0.01_ppm_Final_Corrected,-9999,7.36,2.239,0.114,-9999,3.632,Nitrate_Below_0.04_ppm_LOD|0_Raw_Not_Corrected|0_ppm_Final_Corrected,-9999,Phosphate_Below_0.23_ppm_LOD|0.09_Raw_Not_Corrected|0.09_ppm_Final_Corrected,1.845,9.373,1.972,NH4_CV_030; DTL_003
N/A,SSS009_WIN-1,10.58052/IEWDR01MP,Liquid>aqueous,-9999,-9999,4.617,0.322,0.064,-9999,1.354,-9999,-9999,-9999,1.069,2.172,3.278,N/A
N/A,SSS009_WIN-2,10.58052/IEWDR01MP,Liquid>aqueous,-9999,-9999,5.882,0.337,0.072,-9999,1.693,Nitrate_Below_0.04_ppm_LOD|0_Raw_Not_Corrected|0_ppm_Final_Corrected,-9999,-9999,1.095,2.394,3.911,DTL_003
N/A,SSS009_WIN-3,10.58052/IEWDR01MP,Liquid>aqueous,Ammonium_Below_0.13_ppm_LOD|0.01_Raw_Not_Corrected|0.01_ppm_Final_Corrected,-9999,5.415,0.328,0.076,-9999,1.501,Nitrate_Below_0.04_ppm_LOD|0.01_Raw_Not_Corrected|0.01_ppm_Final_Corrected,-9999,-9999,1.07,2.279,3.602,DTL_003
N/A,SSS010_WIN-1,10.58052/IEWDR01MQ,Liquid>aqueous,Ammonium_Below_0.13_ppm_LOD|0.02_Raw_Not_Corrected|0.02_ppm_Final_Corrected,-9999,7.596,1.757,0.059,-9999,1.741,0.091,-9999,-9999,0.425,3.51,4.573,NH4_CV_030; Mg_CV_030; DTL_003
N/A,SSS010_WIN-2,10.58052/IEWDR01MQ,Liquid>aqueous,0.147,-9999,5.807,1.148,0.057,-9999,0.973,0.076,-9999,-9999,0.274,2.195,3.756,NH4_CV_030; Mg_CV_030
N/A,SSS010_WIN-3,10.58052/IEWDR01MQ,Liquid>aqueous,Ammonium_Below_0.13_ppm_LOD|0.02_Raw_Not_Corrected|0.02_ppm_Final_Corrected,-9999,8.355,1.808,0.057,-9999,1.862,0.095,-9999,-9999,0.436,3.778,4.916,NH4_CV_030; Mg_CV_030; DTL_003
N/A,SSS011_WIN-1,10.58052/IEWDR01MR,Liquid>aqueous,Ammonium_Below_0.13_ppm_LOD|0.02_Raw_Not_Corrected|0.02_ppm_Final_Corrected,-9999,7.174,0.508,0.054,-9999,1.144,0.212,-9999,-9999,0.465,2.335,3.053,NH4_CV_030; F_CV_030; Mg_CV_030; DTL_003
N/A,SSS011_WIN-2,10.58052/IEWDR01MR,Liquid>aqueous,Ammonium_Below_0.13_ppm_LOD|0.01_Raw_Not_Corrected|0.01_ppm_Final_Corrected,-9999,5.459,0.488,0.051,-9999,0.815,0.206,-9999,-9999,0.461,2.105,2.413,NH4_CV_030; F_CV_030; Mg_CV_030; DTL_003
N/A,SSS011_WIN-3,10.58052/IEWDR01MR,Liquid>aqueous,0.173,-9999,7.8,0.759,0.205,-9999,Magnesium_Below_0.65_ppm_LOD|0.57_Raw_Not_Corrected|0.57_ppm_Final_Corrected,0.284,Nitrite_Below_0.08_ppm_LOD|0_Raw_Not_Corrected|0_ppm_Final_Corrected,Phosphate_Below_0.23_ppm_LOD|0.08_Raw_Not_Corrected|0.08_ppm_Final_Corrected,0.468,1.454,2.275,ION_002; NH4_CV_030; F_CV_030; Mg_CV_030; DTL_003
N/A,SSS012_WIN-1,10.58052/IEWDR01MS,Liquid>aqueous,Ammonium_Below_0.13_ppm_LOD|0.02_Raw_Not_Corrected|0.02_ppm_Final_Corrected,-9999,5.515,0.884,0.063,-9999,1.132,Nitrate_Below_0.04_ppm_LOD|0.01_Raw_Not_Corrected|0.01_ppm_Final_Corrected,-9999,-9999,0.479,2.773,2.272,NO3_CV_030; DTL_003
N/A,SSS012_WIN-2,10.58052/IEWDR01MS,Liquid>aqueous,Ammonium_Below_0.13_ppm_LOD|0.01_Raw_Not_Corrected|0.01_ppm_Final_Corrected,-9999,6.073,0.858,0.045,-9999,1.146,Nitrate_Below_0.04_ppm_LOD|0_Raw_Not_Corrected|0_ppm_Final_Corrected,-9999,-9999,0.472,2.761,2.285,NO3_CV_030; DTL_003
N/A,SSS012_WIN-3,10.58052/IEWDR01MS,Liquid>aqueous,Ammonium_Below_0.13_ppm_LOD|0.01_Raw_Not_Corrected|0.01_ppm_Final_Corrected,-9999,5.758,0.872,0.054,-9999,1.168,Nitrate_Below_0.04_ppm_LOD|0.01_Raw_Not_Corrected|0.01_ppm_Final_Corrected,-9999,-9999,0.482,2.809,2.296,NO3_CV_030; DTL_003
N/A,SSS013_WIN-1,10.58052/IEWDR01MT,Liquid>aqueous,0.138,-9999,8.572,7.146,0.124,-9999,7.657,3.286,Nitrite_Below_0.08_ppm_LOD|0.01_Raw_Not_Corrected|0.01_ppm_Final_Corrected,Phosphate_Below_0.23_ppm_LOD|0.07_Raw_Not_Corrected|0.07_ppm_Final_Corrected,2.036,10.797,12.867,NH4_CV_030; DTL_003
N/A,SSS013_WIN-2,10.58052/IEWDR01MT,Liquid>aqueous,Ammonium_Below_0.13_ppm_LOD|0.07_Raw_Not_Corrected|0.07_ppm_Final_Corrected,-9999,9.163,6.89,0.134,-9999,6.475,3.116,Nitrite_Below_0.08_ppm_LOD|0.02_Raw_Not_Corrected|0.02_ppm_Final_Corrected,-9999,2.083,10.273,10.817,NH4_CV_030; DTL_003
N/A,SSS013_WIN-3,10.58052/IEWDR01MT,Liquid>aqueous,Ammonium_Below_0.13_ppm_LOD|0.02_Raw_Not_Corrected|0.02_ppm_Final_Corrected,-9999,11.508,6.676,0.104,-9999,6.607,3.033,Nitrite_Below_0.08_ppm_LOD|0.02_Raw_Not_Corrected|0.02_ppm_Final_Corrected,Phosphate_Below_0.23_ppm_LOD|0.08_Raw_Not_Corrected|0.08_ppm_Final_Corrected,2.027,10.108,10.383,NH4_CV_030; DTL_003
N/A,SSS014_WIN-1,10.58052/IEWDR01MU,Liquid>aqueous,0.219,-9999,9.019,5.649,0.091,-9999,5.748,3.899,Nitrite_Below_0.08_ppm_LOD|0.03_Raw_Not_Corrected|0.03_ppm_Final_Corrected,Phosphate_Below_0.23_ppm_LOD|0.09_Raw_Not_Corrected|0.09_ppm_Final_Corrected,1.718,9.181,8.739,DTL_003
N/A,SSS014_WIN-2,10.58052/IEWDR01MU,Liquid>aqueous,0.182,-9999,8.087,6.11,0.088,-9999,6.863,4.231,Nitrite_Below_0.08_ppm_LOD|0.04_Raw_Not_Corrected|0.04_ppm_Final_Corrected,Phosphate_Below_0.23_ppm_LOD|0.08_Raw_Not_Corrected|0.08_ppm_Final_Corrected,1.839,10.445,10.594,DTL_003
N/A,SSS014_WIN-3,10.58052/IEWDR01MU,Liquid>aqueous,Ammonium_Below_0.13_ppm_LOD|0.13_Raw_Not_Corrected|0.13_ppm_Final_Corrected,-9999,7.171,5.846,0.098,-9999,5.946,4.061,Nitrite_Below_0.08_ppm_LOD|0.03_Raw_Not_Corrected|0.03_ppm_Final_Corrected,Phosphate_Below_0.23_ppm_LOD|0.08_Raw_Not_Corrected|0.08_ppm_Final_Corrected,1.783,9.761,9.358,DTL_003
N/A,SSS015_WIN-1,10.58052/IEWDR01MV,Liquid>aqueous,Ammonium_Below_0.13_ppm_LOD|0.02_Raw_Not_Corrected|0.02_ppm_Final_Corrected,-9999,6.638,2.172,0.09,-9999,3.289,0.654,-9999,Phosphate_Below_0.23_ppm_LOD|0.08_Raw_Not_Corrected|0.08_ppm_Final_Corrected,0.628,3.458,2.505,DTL_003
N/A,SSS015_WIN-2,10.58052/IEWDR01MV,Liquid>aqueous,Ammonium_Below_0.13_ppm_LOD|0.03_Raw_Not_Corrected|0.03_ppm_Final_Corrected,-9999,5.87,2.185,0.058,-9999,3.238,0.633,-9999,Phosphate_Below_0.23_ppm_LOD|0.11_Raw_Not_Corrected|0.11_ppm_Final_Corrected,0.621,3.473,2.189,DTL_003
N/A,SSS015_WIN-3,10.58052/IEWDR01MV,Liquid>aqueous,Ammonium_Below_0.13_ppm_LOD|0.03_Raw_Not_Corrected|0.03_ppm_Final_Corrected,-9999,6.384,2.195,0.065,-9999,3.351,0.631,-9999,Phosphate_Below_0.23_ppm_LOD|0.09_Raw_Not_Corrected|0.09_ppm_Final_Corrected,0.627,3.449,2.225,DTL_003
N/A,SSS016_WIN-1,10.58052/IEWDR01MW,Liquid>aqueous,-9999,-9999,5.937,1.333,0.061,-9999,1.2,Nitrate_Below_0.04_ppm_LOD|0.01_Raw_Not_Corrected|0.01_ppm_Final_Corrected,-9999,-9999,0.572,2.596,2.041,DTL_003
N/A,SSS016_WIN-2,10.58052/IEWDR01MW,Liquid>aqueous,Ammonium_Below_0.13_ppm_LOD|0.02_Raw_Not_Corrected|0.02_ppm_Final_Corrected,-9999,5.351,1.437,0.056,-9999,1.446,Nitrate_Below_0.04_ppm_LOD|0.02_Raw_Not_Corrected|0.02_ppm_Final_Corrected,-9999,-9999,0.604,2.984,2.453,DTL_003
N/A,SSS016_WIN-3,10.58052/IEWDR01MW,Liquid>aqueous,Ammonium_Below_0.13_ppm_LOD|0_Raw_Not_Corrected|0_ppm_Final_Corrected,-9999,5.94,1.031,0.059,-9999,1.121,Nitrate_Below_0.04_ppm_LOD|0.01_Raw_Not_Corrected|0.01_ppm_Final_Corrected,-9999,-9999,0.405,2.044,1.909,DTL_003
N/A,SSS017_WIN-1,10.58052/IEWDR01MX,Liquid>aqueous,Ammonium_Below_0.13_ppm_LOD|0.02_Raw_Not_Corrected|0.02_ppm_Final_Corrected,-9999,7.67,1.619,0.075,-9999,1.69,0.065,-9999,-9999,0.654,3.143,2.751,NH4_CV_030; F_CV_030; DTL_003
N/A,SSS017_WIN-2,10.58052/IEWDR01MX,Liquid>aqueous,Ammonium_Below_0.13_ppm_LOD|0.01_Raw_Not_Corrected|0.01_ppm_Final_Corrected,-9999,6.27,1.629,0.078,-9999,1.733,0.066,-9999,-9999,0.668,3.195,2.701,NH4_CV_030; F_CV_030; DTL_003
N/A,SSS017_WIN-3,10.58052/IEWDR01MX,Liquid>aqueous,Ammonium_Below_0.13_ppm_LOD|0.01_Raw_Not_Corrected|0.01_ppm_Final_Corrected,-9999,5.996,1.62,0.039,-9999,1.665,0.08,-9999,-9999,0.666,3.119,2.652,NH4_CV_030; F_CV_030; DTL_003
N/A,SSS018_WIN-1,10.58052/IEWDR01MY,Liquid>aqueous,Ammonium_Below_0.13_ppm_LOD|0.02_Raw_Not_Corrected|0.02_ppm_Final_Corrected,-9999,4.792,1.035,0.066,-9999,0.932,Nitrate_Below_0.04_ppm_LOD|0.04_Raw_Not_Corrected|0.04_ppm_Final_Corrected,-9999,-9999,0.502,3.788,0.848,DTL_003
N/A,SSS018_WIN-2,10.58052/IEWDR01MY,Liquid>aqueous,-9999,-9999,4.638,1.058,0.09,-9999,0.89,0.052,-9999,-9999,0.507,3.724,0.931,N/A
N/A,SSS018_WIN-3,10.58052/IEWDR01MY,Liquid>aqueous,-9999,-9999,4.311,1.033,0.068,-9999,0.949,0.051,-9999,Phosphate_Below_0.23_ppm_LOD|0.06_Raw_Not_Corrected|0.06_ppm_Final_Corrected,0.515,3.891,0.856,DTL_003
N/A,SSS019_WIN-1,10.58052/IEWDR01MZ,Liquid>aqueous,Ammonium_Below_0.13_ppm_LOD|0.02_Raw_Not_Corrected|0.02_ppm_Final_Corrected,-9999,7.129,0.552,0.065,-9999,1.985,Nitrate_Below_0.04_ppm_LOD|0.01_Raw_Not_Corrected|0.01_ppm_Final_Corrected,-9999,-9999,0.676,5.038,1.887,NO3_CV_030; DTL_003
N/A,SSS019_WIN-2,10.58052/IEWDR01MZ,Liquid>aqueous,-9999,-9999,5.156,0.492,0.058,-9999,1.456,Nitrate_Below_0.04_ppm_LOD|0.01_Raw_Not_Corrected|0.01_ppm_Final_Corrected,-9999,-9999,0.598,4.155,1.446,NO3_CV_030; DTL_003
N/A,SSS019_WIN-3,10.58052/IEWDR01MZ,Liquid>aqueous,Ammonium_Below_0.13_ppm_LOD|0.03_Raw_Not_Corrected|0.03_ppm_Final_Corrected,-9999,8.406,0.589,0.081,-9999,2.57,Nitrate_Below_0.04_ppm_LOD|0.02_Raw_Not_Corrected|0.02_ppm_Final_Corrected,-9999,-9999,0.703,5.78,2.223,NO3_CV_030; DTL_003
N/A,SSS020_WIN-1,10.58052/IEWDR01N0,Liquid>aqueous,Ammonium_Below_0.13_ppm_LOD|0.03_Raw_Not_Corrected|0.03_ppm_Final_Corrected,-9999,4.241,0.668,0.052,-9999,0.847,Nitrate_Below_0.04_ppm_LOD|0.01_Raw_Not_Corrected|0.01_ppm_Final_Corrected,-9999,-9999,0.525,3.244,0.975,NH4_CV_030; DTL_003
N/A,SSS020_WIN-2,10.58052/IEWDR01N0,Liquid>aqueous,Ammonium_Below_0.13_ppm_LOD|0.05_Raw_Not_Corrected|0.05_ppm_Final_Corrected,-9999,6.057,0.742,0.057,-9999,1.161,Nitrate_Below_0.04_ppm_LOD|0.01_Raw_Not_Corrected|0.01_ppm_Final_Corrected,-9999,Phosphate_Below_0.23_ppm_LOD|0.07_Raw_Not_Corrected|0.07_ppm_Final_Corrected,0.579,3.813,1.293,NH4_CV_030; DTL_003
N/A,SSS020_WIN-3,10.58052/IEWDR01N0,Liquid>aqueous,Ammonium_Below_0.13_ppm_LOD|0.1_Raw_Not_Corrected|0.1_ppm_Final_Corrected,-9999,5.377,0.752,0.058,-9999,1.213,Nitrate_Below_0.04_ppm_LOD|0.01_Raw_Not_Corrected|0.01_ppm_Final_Corrected,-9999,Phosphate_Below_0.23_ppm_LOD|0.07_Raw_Not_Corrected|0.07_ppm_Final_Corrected,0.582,3.961,1.533,NH4_CV_030; DTL_003
N/A,SSS021_WIN-1,10.58052/IEWDR01N1,Liquid>aqueous,-9999,-9999,3.423,0.351,0.042,-9999,2.315,Nitrate_Below_0.04_ppm_LOD|0.03_Raw_Not_Corrected|0.03_ppm_Final_Corrected,-9999,-9999,Potassium_Below_0.14_ppm_LOD|0.1_Raw_Not_Corrected|0.1_ppm_Final_Corrected,0.74,0.654,DTL_003
N/A,SSS021_WIN-2,10.58052/IEWDR01N1,Liquid>aqueous,-9999,-9999,3.612,0.354,0.039,-9999,2.33,Nitrate_Below_0.04_ppm_LOD|0.03_Raw_Not_Corrected|0.03_ppm_Final_Corrected,-9999,-9999,Potassium_Below_0.14_ppm_LOD|0.1_Raw_Not_Corrected|0.1_ppm_Final_Corrected,0.747,0.654,DTL_003
N/A,SSS021_WIN-3,10.58052/IEWDR01N1,Liquid>aqueous,-9999,-9999,3.142,0.335,0.043,-9999,1.998,Nitrate_Below_0.04_ppm_LOD|0.03_Raw_Not_Corrected|0.03_ppm_Final_Corrected,-9999,-9999,Potassium_Below_0.14_ppm_LOD|0.1_Raw_Not_Corrected|0.1_ppm_Final_Corrected,0.704,0.568,DTL_003
N/A,SSS022_WIN-1,10.58052/IEWDR01N2,Liquid>aqueous,Ammonium_Below_0.13_ppm_LOD|0.02_Raw_Not_Corrected|0.02_ppm_Final_Corrected,-9999,7.623,3.601,0.08,-9999,1.187,Nitrate_Below_0.04_ppm_LOD|0.02_Raw_Not_Corrected|0.02_ppm_Final_Corrected,-9999,-9999,0.275,3.986,1.513,DTL_003
N/A,SSS022_WIN-2,10.58052/IEWDR01N2,Liquid>aqueous,Ammonium_Below_0.13_ppm_LOD|0.02_Raw_Not_Corrected|0.02_ppm_Final_Corrected,-9999,7.434,3.262,0.072,-9999,1.048,Nitrate_Below_0.04_ppm_LOD|0.01_Raw_Not_Corrected|0.01_ppm_Final_Corrected,-9999,-9999,0.247,3.773,1.395,DTL_003
N/A,SSS022_WIN-3,10.58052/IEWDR01N2,Liquid>aqueous,Ammonium_Below_0.13_ppm_LOD|0.02_Raw_Not_Corrected|0.02_ppm_Final_Corrected,-9999,7.771,3.371,0.073,-9999,1.023,Nitrate_Below_0.04_ppm_LOD|0.02_Raw_Not_Corrected|0.02_ppm_Final_Corrected,-9999,-9999,0.261,3.794,1.366,DTL_003
N/A,SSS023_WIN-1,10.58052/IEWDR01N3,Liquid>aqueous,Ammonium_Below_0.13_ppm_LOD|0.04_Raw_Not_Corrected|0.04_ppm_Final_Corrected,-9999,9.159,1.103,0.144,-9999,5.706,0.043,-9999,Phosphate_Below_0.23_ppm_LOD|0.15_Raw_Not_Corrected|0.15_ppm_Final_Corrected,3.383,6.197,0.951,DTL_003
N/A,SSS023_WIN-2,10.58052/IEWDR01N3,Liquid>aqueous,Ammonium_Below_0.13_ppm_LOD|0.03_Raw_Not_Corrected|0.03_ppm_Final_Corrected,-9999,8.957,1.129,0.146,-9999,5.736,Nitrate_Below_0.04_ppm_LOD|0.04_Raw_Not_Corrected|0.04_ppm_Final_Corrected,-9999,Phosphate_Below_0.23_ppm_LOD|0.16_Raw_Not_Corrected|0.16_ppm_Final_Corrected,3.368,6.37,0.976,DTL_003
N/A,SSS023_WIN-3,10.58052/IEWDR01N3,Liquid>aqueous,Ammonium_Below_0.13_ppm_LOD|0.04_Raw_Not_Corrected|0.04_ppm_Final_Corrected,-9999,10.162,1.185,0.163,-9999,7.953,Nitrate_Below_0.04_ppm_LOD|0.04_Raw_Not_Corrected|0.04_ppm_Final_Corrected,-9999,Phosphate_Below_0.23_ppm_LOD|0.15_Raw_Not_Corrected|0.15_ppm_Final_Corrected,3.534,7.391,1.212,DTL_003
N/A,SSS024_WIN-1,10.58052/IEWDR01N4,Liquid>aqueous,Ammonium_Below_0.13_ppm_LOD|0.03_Raw_Not_Corrected|0.03_ppm_Final_Corrected,-9999,8.938,1.036,0.128,-9999,6.375,0.064,-9999,Phosphate_Below_0.23_ppm_LOD|0.16_Raw_Not_Corrected|0.16_ppm_Final_Corrected,3.079,6.761,2.081,DTL_003
N/A,SSS024_WIN-2,10.58052/IEWDR01N4,Liquid>aqueous,-9999,-9999,8.63,1.109,0.133,-9999,7.368,0.074,-9999,Phosphate_Below_0.23_ppm_LOD|0.18_Raw_Not_Corrected|0.18_ppm_Final_Corrected,3.276,7.673,2.428,DTL_003
N/A,SSS024_WIN-3,10.58052/IEWDR01N4,Liquid>aqueous,Ammonium_Below_0.13_ppm_LOD|0.02_Raw_Not_Corrected|0.02_ppm_Final_Corrected,-9999,7.878,0.86,0.107,-9999,4.62,0.056,-9999,Phosphate_Below_0.23_ppm_LOD|0.15_Raw_Not_Corrected|0.15_ppm_Final_Corrected,2.674,5.307,1.433,DTL_003
N/A,SSS025_WIN-1,10.58052/IEWDR01N5,Liquid>aqueous,Ammonium_Below_0.13_ppm_LOD|0.04_Raw_Not_Corrected|0.04_ppm_Final_Corrected,-9999,7.023,2.082,0.169,-9999,4.285,Nitrate_Below_0.04_ppm_LOD|0.02_Raw_Not_Corrected|0.02_ppm_Final_Corrected,Nitrite_Below_0.08_ppm_LOD|0.02_Raw_Not_Corrected|0.02_ppm_Final_Corrected,Phosphate_Below_0.23_ppm_LOD|0.07_Raw_Not_Corrected|0.07_ppm_Final_Corrected,0.858,4.928,3.742,NH4_CV_030; Ca_CV_030; Cl_CV_030; Mg_CV_030; NO3_CV_030; K_CV_030; Na_CV_030; SO4_CV_30; DTL_003
N/A,SSS025_WIN-2,10.58052/IEWDR01N5,Liquid>aqueous,Ammonium_Below_0.13_ppm_LOD|0.08_Raw_Not_Corrected|0.08_ppm_Final_Corrected,-9999,7.526,4.294,0.114,-9999,7.275,5.395,Nitrite_Below_0.08_ppm_LOD|0.03_Raw_Not_Corrected|0.03_ppm_Final_Corrected,-9999,2.254,11.617,6.25,NH4_CV_030; Ca_CV_030; Cl_CV_030; Mg_CV_030; NO3_CV_030; K_CV_030; Na_CV_030; SO4_CV_30; DTL_003
N/A,SSS025_WIN-3,10.58052/IEWDR01N5,Liquid>aqueous,Ammonium_Below_0.13_ppm_LOD|0.08_Raw_Not_Corrected|0.08_ppm_Final_Corrected,-9999,12.163,4.451,0.133,-9999,8.191,5.554,Nitrite_Below_0.08_ppm_LOD|0.04_Raw_Not_Corrected|0.04_ppm_Final_Corrected,Phosphate_Below_0.23_ppm_LOD|0.16_Raw_Not_Corrected|0.16_ppm_Final_Corrected,2.189,11.941,7.161,NH4_CV_030; Ca_CV_030; Cl_CV_030; Mg_CV_030; NO3_CV_030; K_CV_030; Na_CV_030; SO4_CV_30; DTL_003
N/A,SSS026_WIN-1,10.58052/IEWDR01N6,Liquid>aqueous,Ammonium_Below_0.13_ppm_LOD|0.04_Raw_Not_Corrected|0.04_ppm_Final_Corrected,-9999,8.049,3.974,0.078,-9999,5.586,4.382,Nitrite_Below_0.08_ppm_LOD|0.04_Raw_Not_Corrected|0.04_ppm_Final_Corrected,Phosphate_Below_0.23_ppm_LOD|0.08_Raw_Not_Corrected|0.08_ppm_Final_Corrected,1.863,7.242,5.227,DTL_003
N/A,SSS026_WIN-2,10.58052/IEWDR01N6,Liquid>aqueous,Ammonium_Below_0.13_ppm_LOD|0.05_Raw_Not_Corrected|0.05_ppm_Final_Corrected,-9999,8.624,3.87,0.08,-9999,5.255,4.284,Nitrite_Below_0.08_ppm_LOD|0.04_Raw_Not_Corrected|0.04_ppm_Final_Corrected,Phosphate_Below_0.23_ppm_LOD|0.09_Raw_Not_Corrected|0.09_ppm_Final_Corrected,1.807,6.964,4.977,DTL_003
N/A,SSS026_WIN-3,10.58052/IEWDR01N6,Liquid>aqueous,Ammonium_Below_0.13_ppm_LOD|0.04_Raw_Not_Corrected|0.04_ppm_Final_Corrected,-9999,9.4,3.94,0.082,-9999,5.494,4.35,Nitrite_Below_0.08_ppm_LOD|0.04_Raw_Not_Corrected|0.04_ppm_Final_Corrected,Phosphate_Below_0.23_ppm_LOD|0.09_Raw_Not_Corrected|0.09_ppm_Final_Corrected,1.904,7.253,4.947,DTL_003
N/A,SSS027_WIN-1,10.58052/IEWDR01N7,Liquid>aqueous,Ammonium_Below_0.13_ppm_LOD|0.02_Raw_Not_Corrected|0.02_ppm_Final_Corrected,-9999,4.797,1.055,0.077,-9999,3.324,Nitrate_Below_0.04_ppm_LOD|0_Raw_Not_Corrected|0_ppm_Final_Corrected,-9999,-9999,1.047,4.801,0.333,NO3_CV_030; DTL_003
N/A,SSS027_WIN-2,10.58052/IEWDR01N7,Liquid>aqueous,Ammonium_Below_0.13_ppm_LOD|0.02_Raw_Not_Corrected|0.02_ppm_Final_Corrected,-9999,5.5,0.946,0.08,-9999,2.808,Nitrate_Below_0.04_ppm_LOD|0_Raw_Not_Corrected|0_ppm_Final_Corrected,-9999,-9999,0.988,4.159,0.287,NO3_CV_030; DTL_003
N/A,SSS027_WIN-3,10.58052/IEWDR01N7,Liquid>aqueous,Ammonium_Below_0.13_ppm_LOD|0.02_Raw_Not_Corrected|0.02_ppm_Final_Corrected,-9999,5.545,1.045,0.084,-9999,3.827,Nitrate_Below_0.04_ppm_LOD|0_Raw_Not_Corrected|0_ppm_Final_Corrected,-9999,-9999,1.019,4.879,0.361,NO3_CV_030; DTL_003
N/A,SSS028_WIN-1,10.58052/IEWDR01N8,Liquid>aqueous,Ammonium_Below_0.13_ppm_LOD|0.04_Raw_Not_Corrected|0.04_ppm_Final_Corrected,-9999,12.499,0.637,0.111,-9999,8.694,0.321,-9999,Phosphate_Below_0.23_ppm_LOD|0.21_Raw_Not_Corrected|0.21_ppm_Final_Corrected,2.595,6.718,1.966,NH4_CV_030; PO4_CV_030; DTL_003
N/A,SSS028_WIN-2,10.58052/IEWDR01N8,Liquid>aqueous,Ammonium_Below_0.13_ppm_LOD|0.03_Raw_Not_Corrected|0.03_ppm_Final_Corrected,-9999,8.361,0.629,0.095,-9999,7.802,0.314,-9999,Phosphate_Below_0.23_ppm_LOD|0.12_Raw_Not_Corrected|0.12_ppm_Final_Corrected,2.611,6.538,1.807,NH4_CV_030; PO4_CV_030; DTL_003
N/A,SSS028_WIN-3,10.58052/IEWDR01N8,Liquid>aqueous,Ammonium_Below_0.13_ppm_LOD|0.12_Raw_Not_Corrected|0.12_ppm_Final_Corrected,-9999,8.33,0.402,0.091,-9999,5.135,0.184,-9999,Phosphate_Below_0.23_ppm_LOD|0.12_Raw_Not_Corrected|0.12_ppm_Final_Corrected,1.5,3.877,1.65,NH4_CV_030; PO4_CV_030; DTL_003
N/A,SSS029_WIN-1,10.58052/IEWDR01N9,Liquid>aqueous,Ammonium_Below_0.13_ppm_LOD|0.05_Raw_Not_Corrected|0.05_ppm_Final_Corrected,-9999,7.954,0.712,0.08,-9999,5.628,0.064,-9999,Phosphate_Below_0.23_ppm_LOD|0.12_Raw_Not_Corrected|0.12_ppm_Final_Corrected,2.034,5.867,0.837,DTL_003
N/A,SSS029_WIN-2,10.58052/IEWDR01N9,Liquid>aqueous,Ammonium_Below_0.13_ppm_LOD|0.04_Raw_Not_Corrected|0.04_ppm_Final_Corrected,-9999,7.192,0.611,0.078,-9999,4.755,0.054,-9999,Phosphate_Below_0.23_ppm_LOD|0.07_Raw_Not_Corrected|0.07_ppm_Final_Corrected,1.722,4.891,0.728,DTL_003
N/A,SSS029_WIN-3,10.58052/IEWDR01N9,Liquid>aqueous,Ammonium_Below_0.13_ppm_LOD|0.03_Raw_Not_Corrected|0.03_ppm_Final_Corrected,-9999,7.243,0.7,0.071,-9999,5.084,0.062,-9999,Phosphate_Below_0.23_ppm_LOD|0.11_Raw_Not_Corrected|0.11_ppm_Final_Corrected,2.017,5.714,0.783,DTL_003
N/A,SSS030_WIN-1,10.58052/IEWDR01NA,Liquid>aqueous,Ammonium_Below_0.13_ppm_LOD|0.03_Raw_Not_Corrected|0.03_ppm_Final_Corrected,-9999,4.978,0.878,0.075,-9999,3.476,Nitrate_Below_0.04_ppm_LOD|0.02_Raw_Not_Corrected|0.02_ppm_Final_Corrected,-9999,Phosphate_Below_0.23_ppm_LOD|0.08_Raw_Not_Corrected|0.08_ppm_Final_Corrected,1.985,5.188,0.727,Mg_CV_030; SO4_CV_30; DTL_003
N/A,SSS030_WIN-2,10.58052/IEWDR01NA,Liquid>aqueous,Ammonium_Below_0.13_ppm_LOD|0.05_Raw_Not_Corrected|0.05_ppm_Final_Corrected,-9999,7.256,1.103,0.098,-9999,6.324,Nitrate_Below_0.04_ppm_LOD|0.03_Raw_Not_Corrected|0.03_ppm_Final_Corrected,-9999,Phosphate_Below_0.23_ppm_LOD|0.09_Raw_Not_Corrected|0.09_ppm_Final_Corrected,2.313,7.266,1.29,Mg_CV_030; SO4_CV_30; DTL_003
N/A,SSS030_WIN-3,10.58052/IEWDR01NA,Liquid>aqueous,Ammonium_Below_0.13_ppm_LOD|0.05_Raw_Not_Corrected|0.05_ppm_Final_Corrected,-9999,7.877,1.134,0.103,-9999,6.869,Nitrate_Below_0.04_ppm_LOD|0.02_Raw_Not_Corrected|0.02_ppm_Final_Corrected,-9999,Phosphate_Below_0.23_ppm_LOD|0.09_Raw_Not_Corrected|0.09_ppm_Final_Corrected,2.347,7.547,1.378,Mg_CV_030; SO4_CV_30; DTL_003
N/A,SSS031_WIN-1,10.58052/IEWDR01NB,Liquid>aqueous,-9999,-9999,6.106,0.545,0.143,-9999,1.136,Nitrate_Below_0.04_ppm_LOD|0.02_Raw_Not_Corrected|0.02_ppm_Final_Corrected,-9999,-9999,0.52,1.833,5.207,Mg_CV_030; NO3_CV_030; K_CV_030; Na_CV_030; SO4_CV_30; DTL_003
N/A,SSS031_WIN-2,10.58052/IEWDR01NB,Liquid>aqueous,-9999,-9999,6.014,0.541,0.142,-9999,1.141,Nitrate_Below_0.04_ppm_LOD|0.02_Raw_Not_Corrected|0.02_ppm_Final_Corrected,-9999,-9999,0.511,1.805,5.237,Mg_CV_030; NO3_CV_030; K_CV_030; Na_CV_030; SO4_CV_30; DTL_003
N/A,SSS031_WIN-3,10.58052/IEWDR01NB,Liquid>aqueous,-9999,-9999,4.087,0.319,0.115,-9999,Magnesium_Below_0.65_ppm_LOD|0.53_Raw_Not_Corrected|0.53_ppm_Final_Corrected,Nitrate_Below_0.04_ppm_LOD|0.01_Raw_Not_Corrected|0.01_ppm_Final_Corrected,-9999,-9999,0.247,0.916,2.746,Mg_CV_030; NO3_CV_030; K_CV_030; Na_CV_030; SO4_CV_30; DTL_003
N/A,SSS032_WIN-1,10.58052/IEWDR01NC,Liquid>aqueous,Ammonium_Below_0.13_ppm_LOD|0.01_Raw_Not_Corrected|0.01_ppm_Final_Corrected,-9999,3.763,2.576,0.059,-9999,0.82,Nitrate_Below_0.04_ppm_LOD|0.02_Raw_Not_Corrected|0.02_ppm_Final_Corrected,-9999,Phosphate_Below_0.23_ppm_LOD|0.1_Raw_Not_Corrected|0.1_ppm_Final_Corrected,0.678,2.68,0.505,DTL_003
N/A,SSS032_WIN-2,10.58052/IEWDR01NC,Liquid>aqueous,Ammonium_Below_0.13_ppm_LOD|0.02_Raw_Not_Corrected|0.02_ppm_Final_Corrected,-9999,3.511,2.767,0.058,-9999,0.949,Nitrate_Below_0.04_ppm_LOD|0.02_Raw_Not_Corrected|0.02_ppm_Final_Corrected,-9999,Phosphate_Below_0.23_ppm_LOD|0.08_Raw_Not_Corrected|0.08_ppm_Final_Corrected,0.742,3.116,0.597,DTL_003
N/A,SSS032_WIN-3,10.58052/IEWDR01NC,Liquid>aqueous,-9999,-9999,4.227,3.159,0.051,-9999,1.418,Nitrate_Below_0.04_ppm_LOD|0.03_Raw_Not_Corrected|0.03_ppm_Final_Corrected,-9999,Phosphate_Below_0.23_ppm_LOD|0.1_Raw_Not_Corrected|0.1_ppm_Final_Corrected,0.8,3.694,0.834,DTL_003
N/A,SSS033_WIN-1,10.58052/IEWDR01ND,Liquid>aqueous,-9999,-9999,5.748,0.675,0.061,-9999,2.135,Nitrate_Below_0.04_ppm_LOD|0_Raw_Not_Corrected|0_ppm_Final_Corrected,-9999,Phosphate_Below_0.23_ppm_LOD|0.08_Raw_Not_Corrected|0.08_ppm_Final_Corrected,0.6,2.625,1.572,DTL_003
N/A,SSS033_WIN-2,10.58052/IEWDR01ND,Liquid>aqueous,Ammonium_Below_0.13_ppm_LOD|0.01_Raw_Not_Corrected|0.01_ppm_Final_Corrected,-9999,5.376,0.676,0.059,-9999,2.242,Nitrate_Below_0.04_ppm_LOD|0_Raw_Not_Corrected|0_ppm_Final_Corrected,-9999,Phosphate_Below_0.23_ppm_LOD|0.12_Raw_Not_Corrected|0.12_ppm_Final_Corrected,0.606,2.719,1.554,DTL_003
N/A,SSS033_WIN-3,10.58052/IEWDR01ND,Liquid>aqueous,-9999,-9999,5.85,0.588,0.062,-9999,1.727,Nitrate_Below_0.04_ppm_LOD|0_Raw_Not_Corrected|0_ppm_Final_Corrected,-9999,Phosphate_Below_0.23_ppm_LOD|0.08_Raw_Not_Corrected|0.08_ppm_Final_Corrected,0.531,2.289,1.347,DTL_003
N/A,SSS034_WIN-1,10.58052/IEWDR01NE,Liquid>aqueous,Ammonium_Below_0.13_ppm_LOD|0_Raw_Not_Corrected|0_ppm_Final_Corrected,-9999,3.239,0.364,0.026,-9999,2.831,Nitrate_Below_0.04_ppm_LOD|0.04_Raw_Not_Corrected|0.04_ppm_Final_Corrected,-9999,-9999,Potassium_Below_0.14_ppm_LOD|0.09_Raw_Not_Corrected|0.09_ppm_Final_Corrected,0.733,0.668,DTL_003
N/A,SSS034_WIN-2,10.58052/IEWDR01NE,Liquid>aqueous,Ammonium_Below_0.13_ppm_LOD|0.09_Raw_Not_Corrected|0.09_ppm_Final_Corrected,-9999,3.27,0.31,0.03,-9999,2.422,Nitrate_Below_0.04_ppm_LOD|0.03_Raw_Not_Corrected|0.03_ppm_Final_Corrected,-9999,-9999,Potassium_Below_0.14_ppm_LOD|0.08_Raw_Not_Corrected|0.08_ppm_Final_Corrected,0.606,0.787,DTL_003
N/A,SSS034_WIN-3,10.58052/IEWDR01NE,Liquid>aqueous,-9999,-9999,3.561,0.372,0.028,-9999,3.028,Nitrate_Below_0.04_ppm_LOD|0.04_Raw_Not_Corrected|0.04_ppm_Final_Corrected,-9999,-9999,Potassium_Below_0.14_ppm_LOD|0.1_Raw_Not_Corrected|0.1_ppm_Final_Corrected,0.763,0.712,DTL_003
N/A,SSS035_WIN-1,10.58052/IEWDR01NF,Liquid>aqueous,-9999,-9999,3.466,0.239,0.027,-9999,Magnesium_Below_0.65_ppm_LOD|0.28_Raw_Not_Corrected|0.28_ppm_Final_Corrected,Nitrate_Below_0.04_ppm_LOD|0.02_Raw_Not_Corrected|0.02_ppm_Final_Corrected,-9999,-9999,Potassium_Below_0.14_ppm_LOD|0.08_Raw_Not_Corrected|0.08_ppm_Final_Corrected,0.592,0.525,DTL_003
N/A,SSS035_WIN-2,10.58052/IEWDR01NF,Liquid>aqueous,-9999,-9999,3.113,0.232,0.027,-9999,Magnesium_Below_0.65_ppm_LOD|0.27_Raw_Not_Corrected|0.27_ppm_Final_Corrected,Nitrate_Below_0.04_ppm_LOD|0.02_Raw_Not_Corrected|0.02_ppm_Final_Corrected,-9999,-9999,Potassium_Below_0.14_ppm_LOD|0.07_Raw_Not_Corrected|0.07_ppm_Final_Corrected,0.583,0.478,DTL_003
N/A,SSS035_WIN-3,10.58052/IEWDR01NF,Liquid>aqueous,-9999,-9999,2.752,0.221,0.027,-9999,Magnesium_Below_0.65_ppm_LOD|0.21_Raw_Not_Corrected|0.21_ppm_Final_Corrected,Nitrate_Below_0.04_ppm_LOD|0.02_Raw_Not_Corrected|0.02_ppm_Final_Corrected,-9999,-9999,Potassium_Below_0.14_ppm_LOD|0.07_Raw_Not_Corrected|0.07_ppm_Final_Corrected,0.539,0.435,DTL_003
N/A,SSS036_WIN-1,10.58052/IEWDR01NG,Liquid>aqueous,Ammonium_Below_0.13_ppm_LOD|0.02_Raw_Not_Corrected|0.02_ppm_Final_Corrected,-9999,8.695,0.628,0.093,-9999,5.434,Nitrate_Below_0.04_ppm_LOD|0.03_Raw_Not_Corrected|0.03_ppm_Final_Corrected,-9999,Phosphate_Below_0.23_ppm_LOD|0.17_Raw_Not_Corrected|0.17_ppm_Final_Corrected,2.185,4.552,1.197,DTL_003
N/A,SSS036_WIN-2,10.58052/IEWDR01NG,Liquid>aqueous,Ammonium_Below_0.13_ppm_LOD|0.02_Raw_Not_Corrected|0.02_ppm_Final_Corrected,-9999,7.69,0.602,0.091,-9999,5.452,Nitrate_Below_0.04_ppm_LOD|0.03_Raw_Not_Corrected|0.03_ppm_Final_Corrected,-9999,Phosphate_Below_0.23_ppm_LOD|0.14_Raw_Not_Corrected|0.14_ppm_Final_Corrected,2.15,4.406,1.164,DTL_003
N/A,SSS036_WIN-3,10.58052/IEWDR01NG,Liquid>aqueous,Ammonium_Below_0.13_ppm_LOD|0.02_Raw_Not_Corrected|0.02_ppm_Final_Corrected,-9999,7.368,0.572,0.084,-9999,4.463,Nitrate_Below_0.04_ppm_LOD|0.03_Raw_Not_Corrected|0.03_ppm_Final_Corrected,-9999,Phosphate_Below_0.23_ppm_LOD|0.11_Raw_Not_Corrected|0.11_ppm_Final_Corrected,2.094,3.99,0.96,DTL_003
N/A,SSS037_WIN-1,10.58052/IEWDR01NH,Liquid>aqueous,Ammonium_Below_0.13_ppm_LOD|0.01_Raw_Not_Corrected|0.01_ppm_Final_Corrected,-9999,4.445,0.497,0.066,-9999,2.2,0.042,-9999,-9999,1.146,3.002,0.471,DTL_003
N/A,SSS037_WIN-2,10.58052/IEWDR01NH,Liquid>aqueous,Ammonium_Below_0.13_ppm_LOD|0.01_Raw_Not_Corrected|0.01_ppm_Final_Corrected,-9999,4.068,0.497,0.065,-9999,2.17,0.042,-9999,-9999,1.136,2.941,0.46,DTL_003
N/A,SSS037_WIN-3,10.58052/IEWDR01NH,Liquid>aqueous,Ammonium_Below_0.13_ppm_LOD|0.01_Raw_Not_Corrected|0.01_ppm_Final_Corrected,-9999,4.051,0.478,0.066,-9999,1.902,0.041,-9999,-9999,1.13,2.796,0.42,DTL_003
N/A,SSS038_WIN-1,10.58052/IEWDR01NI,Liquid>aqueous,Ammonium_Below_0.13_ppm_LOD|0.03_Raw_Not_Corrected|0.03_ppm_Final_Corrected,-9999,8.821,0.71,0.09,-9999,6.685,0.08,-9999,-9999,1.87,5.663,0.68,DTL_003
N/A,SSS038_WIN-2,10.58052/IEWDR01NI,Liquid>aqueous,Ammonium_Below_0.13_ppm_LOD|0.02_Raw_Not_Corrected|0.02_ppm_Final_Corrected,-9999,7.687,0.658,0.081,-9999,5.386,0.071,-9999,-9999,1.776,5.041,0.583,DTL_003
N/A,SSS038_WIN-3,10.58052/IEWDR01NI,Liquid>aqueous,-9999,-9999,8.334,0.647,0.084,-9999,5.194,0.067,-9999,Phosphate_Below_0.23_ppm_LOD|0.09_Raw_Not_Corrected|0.09_ppm_Final_Corrected,1.759,4.758,0.567,DTL_003
N/A,SSS039_WIN-1,10.58052/IEWDR01NJ,Liquid>aqueous,Ammonium_Below_0.13_ppm_LOD|0.01_Raw_Not_Corrected|0.01_ppm_Final_Corrected,-9999,5.046,0.838,0.078,-9999,2.138,Nitrate_Below_0.04_ppm_LOD|0.04_Raw_Not_Corrected|0.04_ppm_Final_Corrected,-9999,-9999,0.992,2.876,0.4,DTL_003
N/A,SSS039_WIN-2,10.58052/IEWDR01NJ,Liquid>aqueous,-9999,-9999,4.67,1.006,0.075,-9999,2.525,0.046,-9999,-9999,1.268,3.535,0.461,N/A
N/A,SSS039_WIN-3,10.58052/IEWDR01NJ,Liquid>aqueous,Ammonium_Below_0.13_ppm_LOD|0.01_Raw_Not_Corrected|0.01_ppm_Final_Corrected,-9999,4.176,0.975,0.068,-9999,2.065,0.044,-9999,-9999,1.236,3.317,0.395,DTL_003
N/A,SSS040_WIN-1,10.58052/IEWDR01NK,Liquid>aqueous,-9999,-9999,4.772,1.764,0.066,-9999,0.974,-9999,-9999,-9999,0.692,2.316,1.721,N/A
N/A,SSS040_WIN-2,10.58052/IEWDR01NK,Liquid>aqueous,-9999,-9999,5.092,1.857,0.068,-9999,1.262,-9999,-9999,-9999,0.702,2.483,2.143,N/A
N/A,SSS040_WIN-3,10.58052/IEWDR01NK,Liquid>aqueous,-9999,-9999,6.1,2.134,0.079,-9999,1.702,-9999,-9999,-9999,0.754,3.048,2.859,N/A
N/A,SSS041_WIN-1,10.58052/IEWDR01NL,Liquid>aqueous,-9999,-9999,5.166,1.478,0.077,-9999,2.654,Nitrate_Below_0.04_ppm_LOD|0.01_Raw_Not_Corrected|0.01_ppm_Final_Corrected,-9999,-9999,1.34,3.295,2.04,F_CV_030; NO3_CV_030; DTL_003
N/A,SSS041_WIN-2,10.58052/IEWDR01NL,Liquid>aqueous,-9999,-9999,6.202,1.559,0.063,-9999,3.087,Nitrate_Below_0.04_ppm_LOD|0.01_Raw_Not_Corrected|0.01_ppm_Final_Corrected,-9999,Phosphate_Below_0.23_ppm_LOD|0.07_Raw_Not_Corrected|0.07_ppm_Final_Corrected,1.371,3.468,2.349,F_CV_030; NO3_CV_030; DTL_003
N/A,SSS041_WIN-3,10.58052/IEWDR01NL,Liquid>aqueous,Ammonium_Below_0.13_ppm_LOD|0.03_Raw_Not_Corrected|0.03_ppm_Final_Corrected,-9999,6.417,1.474,0.134,-9999,2.795,0.046,-9999,-9999,1.333,3.269,2.3,F_CV_030; NO3_CV_030; DTL_003
N/A,SSS042_WIN-1,10.58052/IEWDR01NM,Liquid>aqueous,-9999,-9999,6.026,2.117,0.082,-9999,1.87,-9999,-9999,-9999,0.731,3.018,2.941,F_CV_030
N/A,SSS042_WIN-2,10.58052/IEWDR01NM,Liquid>aqueous,Ammonium_Below_0.13_ppm_LOD|0.01_Raw_Not_Corrected|0.01_ppm_Final_Corrected,-9999,6.1,1.704,0.077,-9999,1.567,-9999,-9999,-9999,0.583,2.46,2.444,F_CV_030; DTL_003
N/A,SSS042_WIN-3,10.58052/IEWDR01NM,Liquid>aqueous,Ammonium_Below_0.13_ppm_LOD|0.12_Raw_Not_Corrected|0.12_ppm_Final_Corrected,-9999,7.364,2.036,0.165,-9999,1.699,0.105,-9999,4.68,0.768,3.115,2.734,F_CV_030; DTL_003
N/A,SSS043_WIN-1,10.58052/IEWDR01NN,Liquid>aqueous,-9999,-9999,3.255,0.448,0.041,-9999,Magnesium_Below_0.65_ppm_LOD|0.27_Raw_Not_Corrected|0.27_ppm_Final_Corrected,Nitrate_Below_0.04_ppm_LOD|0.02_Raw_Not_Corrected|0.02_ppm_Final_Corrected,-9999,-9999,0.245,1.241,1.316,DTL_003
N/A,SSS043_WIN-2,10.58052/IEWDR01NN,Liquid>aqueous,-9999,-9999,3.891,0.501,0.048,-9999,Magnesium_Below_0.65_ppm_LOD|0.42_Raw_Not_Corrected|0.42_ppm_Final_Corrected,Nitrate_Below_0.04_ppm_LOD|0.02_Raw_Not_Corrected|0.02_ppm_Final_Corrected,-9999,-9999,0.278,1.51,1.743,DTL_003
N/A,SSS043_WIN-3,10.58052/IEWDR01NN,Liquid>aqueous,-9999,-9999,4.54,0.507,0.05,-9999,Magnesium_Below_0.65_ppm_LOD|0.48_Raw_Not_Corrected|0.48_ppm_Final_Corrected,Nitrate_Below_0.04_ppm_LOD|0.02_Raw_Not_Corrected|0.02_ppm_Final_Corrected,-9999,-9999,0.278,1.544,1.876,DTL_003
N/A,SSS044_WIN-1,10.58052/IEWDR01NO,Liquid>aqueous,-9999,-9999,2.945,0.476,0.044,-9999,Magnesium_Below_0.65_ppm_LOD|0.27_Raw_Not_Corrected|0.27_ppm_Final_Corrected,Nitrate_Below_0.04_ppm_LOD|0_Raw_Not_Corrected|0_ppm_Final_Corrected,-9999,-9999,0.283,1.346,1.158,DTL_003
N/A,SSS044_WIN-2,10.58052/IEWDR01NO,Liquid>aqueous,-9999,-9999,3.107,0.477,0.043,-9999,Magnesium_Below_0.65_ppm_LOD|0.39_Raw_Not_Corrected|0.39_ppm_Final_Corrected,Nitrate_Below_0.04_ppm_LOD|0_Raw_Not_Corrected|0_ppm_Final_Corrected,-9999,-9999,0.278,1.473,1.392,DTL_003
N/A,SSS044_WIN-3,10.58052/IEWDR01NO,Liquid>aqueous,-9999,-9999,2.957,0.481,0.042,-9999,Magnesium_Below_0.65_ppm_LOD|0.35_Raw_Not_Corrected|0.35_ppm_Final_Corrected,Nitrate_Below_0.04_ppm_LOD|0_Raw_Not_Corrected|0_ppm_Final_Corrected,-9999,-9999,0.291,1.456,1.344,DTL_003
N/A,SSS045_WIN-1,10.58052/IEWDR01NP,Liquid>aqueous,Ammonium_Below_0.13_ppm_LOD|0.01_Raw_Not_Corrected|0.01_ppm_Final_Corrected,-9999,6.142,0.419,0.047,-9999,0.711,Nitrate_Below_0.04_ppm_LOD|0.01_Raw_Not_Corrected|0.01_ppm_Final_Corrected,-9999,-9999,0.183,1.931,1.51,NO3_CV_030; DTL_003
N/A,SSS045_WIN-2,10.58052/IEWDR01NP,Liquid>aqueous,-9999,-9999,5.717,0.437,0.043,-9999,Magnesium_Below_0.65_ppm_LOD|0.54_Raw_Not_Corrected|0.54_ppm_Final_Corrected,Nitrate_Below_0.04_ppm_LOD|0_Raw_Not_Corrected|0_ppm_Final_Corrected,-9999,-9999,0.213,1.854,1.257,NO3_CV_030; DTL_003
N/A,SSS045_WIN-3,10.58052/IEWDR01NP,Liquid>aqueous,-9999,-9999,6.183,0.467,0.048,-9999,0.717,Nitrate_Below_0.04_ppm_LOD|0.01_Raw_Not_Corrected|0.01_ppm_Final_Corrected,-9999,-9999,0.216,2.099,1.565,NO3_CV_030; DTL_003
N/A,SSS046_WIN-1,10.58052/IEWDR01NQ,Liquid>aqueous,Ammonium_Below_0.13_ppm_LOD|0.06_Raw_Not_Corrected|0.06_ppm_Final_Corrected,-9999,5.53,7.681,0.061,-9999,4.14,Nitrate_Below_0.04_ppm_LOD|0.03_Raw_Not_Corrected|0.03_ppm_Final_Corrected,-9999,-9999,0.3,6.187,0.703,NH4_CV_030; DTL_003
N/A,SSS046_WIN-2,10.58052/IEWDR01NQ,Liquid>aqueous,Ammonium_Below_0.13_ppm_LOD|0.04_Raw_Not_Corrected|0.04_ppm_Final_Corrected,-9999,6.181,7.335,0.054,-9999,3.759,Nitrate_Below_0.04_ppm_LOD|0.02_Raw_Not_Corrected|0.02_ppm_Final_Corrected,-9999,-9999,0.29,5.822,0.637,NH4_CV_030; DTL_003
N/A,SSS046_WIN-3,10.58052/IEWDR01NQ,Liquid>aqueous,Ammonium_Below_0.13_ppm_LOD|0.03_Raw_Not_Corrected|0.03_ppm_Final_Corrected,-9999,6.041,8.512,0.05,-9999,5.372,Nitrate_Below_0.04_ppm_LOD|0.02_Raw_Not_Corrected|0.02_ppm_Final_Corrected,-9999,-9999,0.297,7.059,0.902,NH4_CV_030; DTL_003
N/A,SSS047_WIN-1,10.58052/IEWDR01NR,Liquid>aqueous,Ammonium_Below_0.13_ppm_LOD|0.01_Raw_Not_Corrected|0.01_ppm_Final_Corrected,-9999,5.408,0.879,0.026,-9999,2.285,Nitrate_Below_0.04_ppm_LOD|0.01_Raw_Not_Corrected|0.01_ppm_Final_Corrected,-9999,-9999,Potassium_Below_0.14_ppm_LOD|0.13_Raw_Not_Corrected|0.13_ppm_Final_Corrected,1.262,0.833,NO3_CV_030; DTL_003
N/A,SSS047_WIN-2,10.58052/IEWDR01NR,Liquid>aqueous,-9999,-9999,3.935,0.833,0.042,-9999,2.135,Nitrate_Below_0.04_ppm_LOD|0.01_Raw_Not_Corrected|0.01_ppm_Final_Corrected,-9999,-9999,Potassium_Below_0.14_ppm_LOD|0.12_Raw_Not_Corrected|0.12_ppm_Final_Corrected,1.167,0.765,NO3_CV_030; DTL_003
N/A,SSS047_WIN-3,10.58052/IEWDR01NR,Liquid>aqueous,-9999,-9999,4.068,0.859,0.04,-9999,2.06,Nitrate_Below_0.04_ppm_LOD|0_Raw_Not_Corrected|0_ppm_Final_Corrected,-9999,-9999,Potassium_Below_0.14_ppm_LOD|0.12_Raw_Not_Corrected|0.12_ppm_Final_Corrected,1.194,0.727,NO3_CV_030; DTL_003
N/A,SSS048_WIN-1,10.58052/IEWDR01NS,Liquid>aqueous,Ammonium_Below_0.13_ppm_LOD|0.03_Raw_Not_Corrected|0.03_ppm_Final_Corrected,-9999,4.99,7.187,0.045,-9999,1.819,Nitrate_Below_0.04_ppm_LOD|0.02_Raw_Not_Corrected|0.02_ppm_Final_Corrected,-9999,-9999,0.487,4.646,0.967,NH4_CV_030; NO3_CV_030; DTL_003
N/A,SSS048_WIN-2,10.58052/IEWDR01NS,Liquid>aqueous,Ammonium_Below_0.13_ppm_LOD|0.05_Raw_Not_Corrected|0.05_ppm_Final_Corrected,-9999,5.949,7.892,0.045,-9999,2.34,Nitrate_Below_0.04_ppm_LOD|0.03_Raw_Not_Corrected|0.03_ppm_Final_Corrected,-9999,-9999,0.497,5.088,1.249,NH4_CV_030; NO3_CV_030; DTL_003
N/A,SSS048_WIN-3,10.58052/IEWDR01NS,Liquid>aqueous,Ammonium_Below_0.13_ppm_LOD|0.03_Raw_Not_Corrected|0.03_ppm_Final_Corrected,-9999,6.279,7.396,0.046,-9999,2.104,Nitrate_Below_0.04_ppm_LOD|0.02_Raw_Not_Corrected|0.02_ppm_Final_Corrected,-9999,-9999,0.491,4.855,1.078,NH4_CV_030; NO3_CV_030; DTL_003
#End_Data,,,,,,,,,,,,,,,,,
